"fecha","matricula_area","area_academica","periodo","año_y"
"2000-05-01","1","ESTOMATOLOGIA","2000-I","2000"
"2000-12-01","1"," CIENCIAS DE LA SALUD","2000-II","2000"
"2000-12-01","1","SIN AREA","2000-II","2000"
"2000-12-01","4","CIENCIAS DE LA EDUCACIÓN","2000-II","2000"
"2001-01-01","1","INGENIERIA DESARROLLO TECNOLOGICO PRODUCTIVO","2001-I","2001"
"2001-01-01","2"," CIENCIAS DE LA SALUD","2001-I","2001"
"2001-02-01","2","CIENCIAS AGRÍCOLAS, PECUARIAS Y RECURSOS NATURALES","2001-I","2001"
"2001-03-01","2","CIENCIAS Y ARTES DEL HÁBITAT","2001-I","2001"
"2001-03-01","30","SIN AREA","2001-I","2001"
"2001-03-01","40","CIENCIAS DE LA EDUCACIÓN","2001-I","2001"
"2001-03-01","9","CIENCIAS ECONÓMICAS, FINANCIERAS Y ADMINISTRATIVAS","2001-I","2001"
"2001-03-01","3","ESTOMATOLOGIA","2001-I","2001"
"2001-04-01","6","CIENCIAS SOCIALES","2001-I","2001"
"2001-05-01","3","CIENCIA Y TECNOLOGIA","2001-I","2001"
"2001-07-01","1","CIENCIAS AGRÍCOLAS, PECUARIAS Y RECURSOS NATURALES","2001-II","2001"
"2001-08-01","2"," CIENCIAS DE LA SALUD","2001-II","2001"
"2001-09-01","5","CIENCIAS DE LA EDUCACIÓN","2001-II","2001"
"2001-10-01","3","SIN AREA","2001-II","2001"
"2001-12-01","1","CIENCIAS ECONÓMICAS, FINANCIERAS Y ADMINISTRATIVAS","2001-II","2001"
"2002-02-01","65","CIENCIAS DE LA EDUCACIÓN","2002-I","2002"
"2002-02-01","8"," CIENCIAS DE LA SALUD","2002-I","2002"
"2002-02-01","4","CIENCIA Y TECNOLOGIA","2002-I","2002"
"2002-03-01","9","CIENCIAS SOCIALES","2002-I","2002"
"2002-03-01","3","INGENIERIA DESARROLLO TECNOLOGICO PRODUCTIVO","2002-I","2002"
"2002-03-01","11","CIENCIAS AGRÍCOLAS, PECUARIAS Y RECURSOS NATURALES","2002-I","2002"
"2002-03-01","10","CIENCIAS Y ARTES DEL HÁBITAT","2002-I","2002"
"2002-04-01","37","SIN AREA","2002-I","2002"
"2002-04-01","10","ESTOMATOLOGIA","2002-I","2002"
"2002-05-01","25","CIENCIAS ECONÓMICAS, FINANCIERAS Y ADMINISTRATIVAS","2002-I","2002"
"2002-08-01","2","CIENCIA Y TECNOLOGIA","2002-II","2002"
"2002-11-01","7"," CIENCIAS DE LA SALUD","2002-II","2002"
"2002-11-01","5","CIENCIAS ECONÓMICAS, FINANCIERAS Y ADMINISTRATIVAS","2002-II","2002"
"2002-11-01","12","ESTOMATOLOGIA","2002-II","2002"
"2002-11-01","8","SIN AREA","2002-II","2002"
"2002-11-01","25","CIENCIAS DE LA EDUCACIÓN","2002-II","2002"
"2002-11-01","7","CIENCIAS AGRÍCOLAS, PECUARIAS Y RECURSOS NATURALES","2002-II","2002"
"2002-12-01","2","CIENCIAS Y ARTES DEL HÁBITAT","2002-II","2002"
"2002-12-01","4","CIENCIAS SOCIALES","2002-II","2002"
"2003-01-01","6","CIENCIAS SOCIALES","2003-I","2003"
"2003-02-01","1","CIENCIA Y TECNOLOGIA","2003-I","2003"
"2003-04-01","1","SIN AREA","2003-I","2003"
"2003-05-01","64","CIENCIAS AGRÍCOLAS, PECUARIAS Y RECURSOS NATURALES","2003-I","2003"
"2003-05-01","1","INGENIERIA DESARROLLO TECNOLOGICO PRODUCTIVO","2003-I","2003"
"2003-05-01","8","ESTOMATOLOGIA","2003-I","2003"
"2003-06-01","6","CIENCIAS ECONÓMICAS, FINANCIERAS Y ADMINISTRATIVAS","2003-I","2003"
"2003-06-01","135","CIENCIAS DE LA EDUCACIÓN","2003-I","2003"
"2003-06-01","270"," CIENCIAS DE LA SALUD","2003-I","2003"
"2003-07-01","268","CIENCIAS AGRÍCOLAS, PECUARIAS Y RECURSOS NATURALES","2003-II","2003"
"2003-07-01","1085","SIN AREA","2003-II","2003"
"2003-07-01","145"," CIENCIAS DE LA SALUD","2003-II","2003"
"2003-07-01","354","CIENCIAS ECONÓMICAS, FINANCIERAS Y ADMINISTRATIVAS","2003-II","2003"
"2003-07-01","135","CIENCIAS Y ARTES DEL HÁBITAT","2003-II","2003"
"2003-07-01","330","CIENCIAS SOCIALES","2003-II","2003"
"2003-07-01","99","CIENCIA Y TECNOLOGIA","2003-II","2003"
"2003-07-01","89","INGENIERIA DESARROLLO TECNOLOGICO PRODUCTIVO","2003-II","2003"
"2003-07-01","1162","CIENCIAS DE LA EDUCACIÓN","2003-II","2003"
"2003-07-01","62","ESTOMATOLOGIA","2003-II","2003"
"2004-02-01","7","CIENCIAS SOCIALES","2004-I","2004"
"2004-02-01","2","CIENCIAS DE LA EDUCACIÓN","2004-I","2004"
"2004-09-01","712","CIENCIAS AGRÍCOLAS, PECUARIAS Y RECURSOS NATURALES","2004-II","2004"
"2004-09-01","1654","SIN AREA","2004-II","2004"
"2004-09-01","1086"," CIENCIAS DE LA SALUD","2004-II","2004"
"2004-09-01","164","INGENIERIA DESARROLLO TECNOLOGICO PRODUCTIVO","2004-II","2004"
"2004-09-01","206","CIENCIA Y TECNOLOGIA","2004-II","2004"
"2004-10-01","768","ESTOMATOLOGIA","2004-II","2004"
"2004-10-01","213","CIENCIAS Y ARTES DEL HÁBITAT","2004-II","2004"
"2004-10-01","662","CIENCIAS ECONÓMICAS, FINANCIERAS Y ADMINISTRATIVAS","2004-II","2004"
"2004-10-01","2262","CIENCIAS DE LA EDUCACIÓN","2004-II","2004"
"2004-10-01","834","CIENCIAS SOCIALES","2004-II","2004"
"2005-05-01","680"," CIENCIAS DE LA SALUD","2005-I","2005"
"2005-05-01","3","CIENCIAS Y ARTES DEL HÁBITAT","2005-I","2005"
"2005-05-01","478","CIENCIAS DE LA EDUCACIÓN","2005-I","2005"
"2005-05-01","37","INGENIERIA DESARROLLO TECNOLOGICO PRODUCTIVO","2005-I","2005"
"2005-05-01","1183","SIN AREA","2005-I","2005"
"2005-05-01","5","ESTOMATOLOGIA","2005-I","2005"
"2005-05-01","2","CIENCIA Y TECNOLOGIA","2005-I","2005"
"2005-05-01","244","CIENCIAS ECONÓMICAS, FINANCIERAS Y ADMINISTRATIVAS","2005-I","2005"
"2005-05-01","54","CIENCIAS AGRÍCOLAS, PECUARIAS Y RECURSOS NATURALES","2005-I","2005"
"2005-06-01","389","CIENCIAS SOCIALES","2005-I","2005"
"2005-07-01","186","CIENCIAS Y ARTES DEL HÁBITAT","2005-II","2005"
"2005-07-01","2396","CIENCIAS DE LA EDUCACIÓN","2005-II","2005"
"2005-07-01","217","INGENIERIA DESARROLLO TECNOLOGICO PRODUCTIVO","2005-II","2005"
"2005-07-01","673","ESTOMATOLOGIA","2005-II","2005"
"2005-07-01","688","CIENCIAS ECONÓMICAS, FINANCIERAS Y ADMINISTRATIVAS","2005-II","2005"
"2005-07-01","621","CIENCIAS AGRÍCOLAS, PECUARIAS Y RECURSOS NATURALES","2005-II","2005"
"2005-07-01","646"," CIENCIAS DE LA SALUD","2005-II","2005"
"2005-07-01","746","CIENCIAS SOCIALES","2005-II","2005"
"2005-07-01","171","CIENCIA Y TECNOLOGIA","2005-II","2005"
"2005-12-01","931","SIN AREA","2005-II","2005"
"2006-01-01","6","CIENCIAS DE LA EDUCACIÓN","2006-I","2006"
"2006-01-01","2","SIN AREA","2006-I","2006"
"2006-01-01","3","ESTOMATOLOGIA","2006-I","2006"
"2006-01-01","1"," CIENCIAS DE LA SALUD","2006-I","2006"
"2006-07-01","2452","SIN AREA","2006-II","2006"
"2006-07-01","721","CIENCIAS AGRÍCOLAS, PECUARIAS Y RECURSOS NATURALES","2006-II","2006"
"2006-08-01","971","CIENCIAS ECONÓMICAS, FINANCIERAS Y ADMINISTRATIVAS","2006-II","2006"
"2006-08-01","1370","CIENCIAS SOCIALES","2006-II","2006"
"2006-09-01","608","ESTOMATOLOGIA","2006-II","2006"
"2006-10-01","176","CIENCIA Y TECNOLOGIA","2006-II","2006"
"2006-10-01","2846","CIENCIAS DE LA EDUCACIÓN","2006-II","2006"
"2006-10-01","1483"," CIENCIAS DE LA SALUD","2006-II","2006"
"2006-10-01","302","INGENIERIA DESARROLLO TECNOLOGICO PRODUCTIVO","2006-II","2006"
"2006-12-01","251","CIENCIAS Y ARTES DEL HÁBITAT","2006-II","2006"
"2007-01-01","5","ESTOMATOLOGIA","2007-I","2007"
"2007-04-01","4","INGENIERIA DESARROLLO TECNOLOGICO PRODUCTIVO","2007-I","2007"
"2007-06-01","18","SIN AREA","2007-I","2007"
"2007-06-01","351","CIENCIAS DE LA EDUCACIÓN","2007-I","2007"
"2007-06-01","98"," CIENCIAS DE LA SALUD","2007-I","2007"
"2007-06-01","11","CIENCIAS ECONÓMICAS, FINANCIERAS Y ADMINISTRATIVAS","2007-I","2007"
"2007-06-01","2","CIENCIAS AGRÍCOLAS, PECUARIAS Y RECURSOS NATURALES","2007-I","2007"
"2007-06-01","25","CIENCIAS SOCIALES","2007-I","2007"
"2007-07-01","1039","CIENCIAS ECONÓMICAS, FINANCIERAS Y ADMINISTRATIVAS","2007-II","2007"
"2007-07-01","239","CIENCIAS Y ARTES DEL HÁBITAT","2007-II","2007"
"2007-07-01","319","INGENIERIA DESARROLLO TECNOLOGICO PRODUCTIVO","2007-II","2007"
"2007-07-01","2492","CIENCIAS DE LA EDUCACIÓN","2007-II","2007"
"2007-08-01","1534","CIENCIAS SOCIALES","2007-II","2007"
"2007-08-01","782","CIENCIAS AGRÍCOLAS, PECUARIAS Y RECURSOS NATURALES","2007-II","2007"
"2007-08-01","685","ESTOMATOLOGIA","2007-II","2007"
"2007-09-01","2551","SIN AREA","2007-II","2007"
"2007-09-01","1628"," CIENCIAS DE LA SALUD","2007-II","2007"
"2007-09-01","276","CIENCIA Y TECNOLOGIA","2007-II","2007"
"2008-03-01","325","INGENIERIA DESARROLLO TECNOLOGICO PRODUCTIVO","2008-I","2008"
"2008-03-01","1792"," CIENCIAS DE LA SALUD","2008-I","2008"
"2008-03-01","298","CIENCIA Y TECNOLOGIA","2008-I","2008"
"2008-03-01","1658","CIENCIAS SOCIALES","2008-I","2008"
"2008-03-01","1270","CIENCIAS ECONÓMICAS, FINANCIERAS Y ADMINISTRATIVAS","2008-I","2008"
"2008-03-01","227","CIENCIAS Y ARTES DEL HÁBITAT","2008-I","2008"
"2008-04-01","2587","CIENCIAS DE LA EDUCACIÓN","2008-I","2008"
"2008-04-01","730","CIENCIAS AGRÍCOLAS, PECUARIAS Y RECURSOS NATURALES","2008-I","2008"
"2008-05-01","694","ESTOMATOLOGIA","2008-I","2008"
"2008-05-01","2692","SIN AREA","2008-I","2008"
"2008-07-01","30"," CIENCIAS DE LA SALUD","2008-II","2008"
"2008-07-01","137","CIENCIAS SOCIALES","2008-II","2008"
"2008-07-01","82","ESTOMATOLOGIA","2008-II","2008"
"2008-07-01","80","CIENCIA Y TECNOLOGIA","2008-II","2008"
"2008-07-01","327","CIENCIAS DE LA EDUCACIÓN","2008-II","2008"
"2008-07-01","77","CIENCIAS ECONÓMICAS, FINANCIERAS Y ADMINISTRATIVAS","2008-II","2008"
"2008-07-01","22","CIENCIAS Y ARTES DEL HÁBITAT","2008-II","2008"
"2008-07-01","115","CIENCIAS AGRÍCOLAS, PECUARIAS Y RECURSOS NATURALES","2008-II","2008"
"2008-07-01","371","SIN AREA","2008-II","2008"
"2008-07-01","51","INGENIERIA DESARROLLO TECNOLOGICO PRODUCTIVO","2008-II","2008"
"2009-02-01","1600","CIENCIAS ECONÓMICAS, FINANCIERAS Y ADMINISTRATIVAS","2009-I","2009"
"2009-02-01","282","CIENCIAS Y ARTES DEL HÁBITAT","2009-I","2009"
"2009-02-01","846","CIENCIAS AGRÍCOLAS, PECUARIAS Y RECURSOS NATURALES","2009-I","2009"
"2009-02-01","873","ESTOMATOLOGIA","2009-I","2009"
"2009-02-01","2878","SIN AREA","2009-I","2009"
"2009-02-01","2763","CIENCIAS DE LA EDUCACIÓN","2009-I","2009"
"2009-02-01","427","INGENIERIA DESARROLLO TECNOLOGICO PRODUCTIVO","2009-I","2009"
"2009-02-01","2047"," CIENCIAS DE LA SALUD","2009-I","2009"
"2009-02-01","1939","CIENCIAS SOCIALES","2009-I","2009"
"2009-02-01","494","CIENCIA Y TECNOLOGIA","2009-I","2009"
"2009-08-01","399","CIENCIAS DE LA EDUCACIÓN","2009-II","2009"
"2009-12-01","32","CIENCIAS Y ARTES DEL HÁBITAT","2009-II","2009"
"2009-12-01","112","CIENCIAS ECONÓMICAS, FINANCIERAS Y ADMINISTRATIVAS","2009-II","2009"
"2009-12-01","141","CIENCIAS AGRÍCOLAS, PECUARIAS Y RECURSOS NATURALES","2009-II","2009"
"2009-12-01","160","CIENCIAS SOCIALES","2009-II","2009"
"2009-12-01","94","INGENIERIA DESARROLLO TECNOLOGICO PRODUCTIVO","2009-II","2009"
"2009-12-01","42"," CIENCIAS DE LA SALUD","2009-II","2009"
"2009-12-01","53","ESTOMATOLOGIA","2009-II","2009"
"2009-12-01","92","CIENCIA Y TECNOLOGIA","2009-II","2009"
"2009-12-01","647","SIN AREA","2009-II","2009"
"2010-01-01","349","CIENCIAS Y ARTES DEL HÁBITAT","2010-I","2010"
"2010-01-01","1027","ESTOMATOLOGIA","2010-I","2010"
"2010-01-01","3662","SIN AREA","2010-I","2010"
"2010-01-01","2904","CIENCIAS DE LA EDUCACIÓN","2010-I","2010"
"2010-01-01","2216"," CIENCIAS DE LA SALUD","2010-I","2010"
"2010-02-01","2267","CIENCIAS SOCIALES","2010-I","2010"
"2010-02-01","2086","CIENCIAS ECONÓMICAS, FINANCIERAS Y ADMINISTRATIVAS","2010-I","2010"
"2010-03-01","1014","CIENCIAS AGRÍCOLAS, PECUARIAS Y RECURSOS NATURALES","2010-I","2010"
"2010-03-01","632","CIENCIA Y TECNOLOGIA","2010-I","2010"
"2010-03-01","554","INGENIERIA DESARROLLO TECNOLOGICO PRODUCTIVO","2010-I","2010"
"2010-07-01","394","SIN AREA","2010-II","2010"
"2010-07-01","131","CIENCIAS SOCIALES","2010-II","2010"
"2010-07-01","55","CIENCIAS ECONÓMICAS, FINANCIERAS Y ADMINISTRATIVAS","2010-II","2010"
"2010-07-01","111","CIENCIA Y TECNOLOGIA","2010-II","2010"
"2010-07-01","24"," CIENCIAS DE LA SALUD","2010-II","2010"
"2010-07-01","135","CIENCIAS AGRÍCOLAS, PECUARIAS Y RECURSOS NATURALES","2010-II","2010"
"2010-07-01","89","CIENCIAS Y ARTES DEL HÁBITAT","2010-II","2010"
"2010-07-01","86","INGENIERIA DESARROLLO TECNOLOGICO PRODUCTIVO","2010-II","2010"
"2010-07-01","47","ESTOMATOLOGIA","2010-II","2010"
"2010-09-01","356","CIENCIAS DE LA EDUCACIÓN","2010-II","2010"
"2011-01-01","2978","CIENCIAS DE LA EDUCACIÓN","2011-I","2011"
"2011-02-01","2541"," CIENCIAS DE LA SALUD","2011-I","2011"
"2011-02-01","752","CIENCIA Y TECNOLOGIA","2011-I","2011"
"2011-02-01","2716","CIENCIAS ECONÓMICAS, FINANCIERAS Y ADMINISTRATIVAS","2011-I","2011"
"2011-02-01","1128","ESTOMATOLOGIA","2011-I","2011"
"2011-02-01","466","CIENCIAS Y ARTES DEL HÁBITAT","2011-I","2011"
"2011-02-01","702","INGENIERIA DESARROLLO TECNOLOGICO PRODUCTIVO","2011-I","2011"
"2011-02-01","2677","CIENCIAS SOCIALES","2011-I","2011"
"2011-03-01","1151","CIENCIAS AGRÍCOLAS, PECUARIAS Y RECURSOS NATURALES","2011-I","2011"
"2011-05-01","4507","SIN AREA","2011-I","2011"
"2011-07-01","453","SIN AREA","2011-II","2011"
"2011-07-01","37","ESTOMATOLOGIA","2011-II","2011"
"2011-07-01","168","CIENCIAS AGRÍCOLAS, PECUARIAS Y RECURSOS NATURALES","2011-II","2011"
"2011-07-01","139","CIENCIAS Y ARTES DEL HÁBITAT","2011-II","2011"
"2011-07-01","184","CIENCIAS SOCIALES","2011-II","2011"
"2011-07-01","423","CIENCIAS DE LA EDUCACIÓN","2011-II","2011"
"2011-07-01","80","CIENCIA Y TECNOLOGIA","2011-II","2011"
"2011-09-01","250","INGENIERIA DESARROLLO TECNOLOGICO PRODUCTIVO","2011-II","2011"
"2011-11-01","45","CIENCIAS ECONÓMICAS, FINANCIERAS Y ADMINISTRATIVAS","2011-II","2011"
"2011-11-01","46"," CIENCIAS DE LA SALUD","2011-II","2011"
"2012-01-01","650","CIENCIAS Y ARTES DEL HÁBITAT","2012-I","2012"
"2012-01-01","2814","CIENCIAS SOCIALES","2012-I","2012"
"2012-01-01","1171","ESTOMATOLOGIA","2012-I","2012"
"2012-01-01","5145","SIN AREA","2012-I","2012"
"2012-01-01","3351","CIENCIAS DE LA EDUCACIÓN","2012-I","2012"
"2012-01-01","885","CIENCIA Y TECNOLOGIA","2012-I","2012"
"2012-01-01","1258","INGENIERIA DESARROLLO TECNOLOGICO PRODUCTIVO","2012-I","2012"
"2012-02-01","3771","CIENCIAS ECONÓMICAS, FINANCIERAS Y ADMINISTRATIVAS","2012-I","2012"
"2012-02-01","1275","CIENCIAS AGRÍCOLAS, PECUARIAS Y RECURSOS NATURALES","2012-I","2012"
"2012-05-01","2702"," CIENCIAS DE LA SALUD","2012-I","2012"
"2012-07-01","598","SIN AREA","2012-II","2012"
"2012-07-01","710","CIENCIAS DE LA EDUCACIÓN","2012-II","2012"
"2012-07-01","130"," CIENCIAS DE LA SALUD","2012-II","2012"
"2012-07-01","166","CIENCIA Y TECNOLOGIA","2012-II","2012"
"2012-07-01","220","CIENCIAS ECONÓMICAS, FINANCIERAS Y ADMINISTRATIVAS","2012-II","2012"
"2012-07-01","320","INGENIERIA DESARROLLO TECNOLOGICO PRODUCTIVO","2012-II","2012"
"2012-07-01","244","CIENCIAS AGRÍCOLAS, PECUARIAS Y RECURSOS NATURALES","2012-II","2012"
"2012-07-01","162","CIENCIAS Y ARTES DEL HÁBITAT","2012-II","2012"
"2012-07-01","534","CIENCIAS SOCIALES","2012-II","2012"
"2012-07-01","115","ESTOMATOLOGIA","2012-II","2012"
"2013-02-01","3872","CIENCIAS DE LA EDUCACIÓN","2013-I","2013"
"2013-02-01","1024","CIENCIA Y TECNOLOGIA","2013-I","2013"
"2013-02-01","4999","CIENCIAS ECONÓMICAS, FINANCIERAS Y ADMINISTRATIVAS","2013-I","2013"
"2013-02-01","1460","CIENCIAS AGRÍCOLAS, PECUARIAS Y RECURSOS NATURALES","2013-I","2013"
"2013-02-01","796","CIENCIAS Y ARTES DEL HÁBITAT","2013-I","2013"
"2013-02-01","1296","ESTOMATOLOGIA","2013-I","2013"
"2013-03-01","1507","INGENIERIA DESARROLLO TECNOLOGICO PRODUCTIVO","2013-I","2013"
"2013-03-01","3397","CIENCIAS SOCIALES","2013-I","2013"
"2013-05-01","2959"," CIENCIAS DE LA SALUD","2013-I","2013"
"2013-06-01","6092","SIN AREA","2013-I","2013"
"2013-07-01","244","CIENCIAS ECONÓMICAS, FINANCIERAS Y ADMINISTRATIVAS","2013-II","2013"
"2013-07-01","60"," CIENCIAS DE LA SALUD","2013-II","2013"
"2013-07-01","236","CIENCIAS AGRÍCOLAS, PECUARIAS Y RECURSOS NATURALES","2013-II","2013"
"2013-07-01","113","CIENCIAS Y ARTES DEL HÁBITAT","2013-II","2013"
"2013-07-01","348","CIENCIAS SOCIALES","2013-II","2013"
"2013-07-01","227","INGENIERIA DESARROLLO TECNOLOGICO PRODUCTIVO","2013-II","2013"
"2013-07-01","113","ESTOMATOLOGIA","2013-II","2013"
"2013-07-01","485","SIN AREA","2013-II","2013"
"2013-07-01","437","CIENCIAS DE LA EDUCACIÓN","2013-II","2013"
"2013-07-01","157","CIENCIA Y TECNOLOGIA","2013-II","2013"
"2014-01-01","968","CIENCIAS Y ARTES DEL HÁBITAT","2014-I","2014"
"2014-01-01","4397","CIENCIAS DE LA EDUCACIÓN","2014-I","2014"
"2014-01-01","4063","CIENCIAS SOCIALES","2014-I","2014"
"2014-01-01","1789","INGENIERIA DESARROLLO TECNOLOGICO PRODUCTIVO","2014-I","2014"
"2014-01-01","1444","ESTOMATOLOGIA","2014-I","2014"
"2014-01-01","1195","CIENCIA Y TECNOLOGIA","2014-I","2014"
"2014-01-01","7364","SIN AREA","2014-I","2014"
"2014-01-01","3144"," CIENCIAS DE LA SALUD","2014-I","2014"
"2014-01-01","6390","CIENCIAS ECONÓMICAS, FINANCIERAS Y ADMINISTRATIVAS","2014-I","2014"
"2014-01-01","1727","CIENCIAS AGRÍCOLAS, PECUARIAS Y RECURSOS NATURALES","2014-I","2014"
"2014-07-01","167","CIENCIA Y TECNOLOGIA","2014-II","2014"
"2014-07-01","324","SIN AREA","2014-II","2014"
"2014-07-01","426","CIENCIAS DE LA EDUCACIÓN","2014-II","2014"
"2014-07-01","139","CIENCIAS AGRÍCOLAS, PECUARIAS Y RECURSOS NATURALES","2014-II","2014"
"2014-07-01","112","CIENCIAS Y ARTES DEL HÁBITAT","2014-II","2014"
"2014-07-01","128","CIENCIAS ECONÓMICAS, FINANCIERAS Y ADMINISTRATIVAS","2014-II","2014"
"2014-07-01","177","CIENCIAS SOCIALES","2014-II","2014"
"2014-07-01","220","INGENIERIA DESARROLLO TECNOLOGICO PRODUCTIVO","2014-II","2014"
"2014-07-01","28"," CIENCIAS DE LA SALUD","2014-II","2014"
"2014-07-01","35","ESTOMATOLOGIA","2014-II","2014"
"2015-01-01","1396","CIENCIA Y TECNOLOGIA","2015-I","2015"
"2015-01-01","8136","SIN AREA","2015-I","2015"
"2015-01-01","4888","CIENCIAS DE LA EDUCACIÓN","2015-I","2015"
"2015-01-01","1832","CIENCIAS AGRÍCOLAS, PECUARIAS Y RECURSOS NATURALES","2015-I","2015"
"2015-01-01","4523","CIENCIAS SOCIALES","2015-I","2015"
"2015-01-01","1056","CIENCIAS Y ARTES DEL HÁBITAT","2015-I","2015"
"2015-01-01","7266","CIENCIAS ECONÓMICAS, FINANCIERAS Y ADMINISTRATIVAS","2015-I","2015"
"2015-01-01","1860","INGENIERIA DESARROLLO TECNOLOGICO PRODUCTIVO","2015-I","2015"
"2015-01-01","3492"," CIENCIAS DE LA SALUD","2015-I","2015"
"2015-01-01","1516","ESTOMATOLOGIA","2015-I","2015"
"2015-07-01","513","CIENCIAS DE LA EDUCACIÓN","2015-II","2015"
"2015-07-01","141","CIENCIAS AGRÍCOLAS, PECUARIAS Y RECURSOS NATURALES","2015-II","2015"
"2015-07-01","251","CIENCIAS SOCIALES","2015-II","2015"
"2015-07-01","156","CIENCIAS Y ARTES DEL HÁBITAT","2015-II","2015"
"2015-07-01","173","CIENCIAS ECONÓMICAS, FINANCIERAS Y ADMINISTRATIVAS","2015-II","2015"
"2015-07-01","215","INGENIERIA DESARROLLO TECNOLOGICO PRODUCTIVO","2015-II","2015"
"2015-07-01","37","ESTOMATOLOGIA","2015-II","2015"
"2015-07-01","211","CIENCIA Y TECNOLOGIA","2015-II","2015"
"2015-08-01","28"," CIENCIAS DE LA SALUD","2015-II","2015"
"2015-10-01","382","SIN AREA","2015-II","2015"
"fecha","matricula_area","area_academica","periodo","año_y"
"2016-02-01","1875","INGENIERIA DESARROLLO TECNOLOGICO PRODUCTIVO","2016-I","2016"
"2016-02-01","1854","CIENCIAS AGRÍCOLAS, PECUARIAS Y RECURSOS NATURALES","2016-I","2016"
"2016-02-01","3537"," CIENCIAS DE LA SALUD","2016-I","2016"
"2016-02-01","1587","CIENCIA Y TECNOLOGIA","2016-I","2016"
"2016-02-01","4899","CIENCIAS SOCIALES","2016-I","2016"
"2016-02-01","8830","SIN AREA","2016-I","2016"
"2016-02-01","5313","CIENCIAS DE LA EDUCACIÓN","2016-I","2016"
"2016-02-01","8245","CIENCIAS ECONÓMICAS, FINANCIERAS Y ADMINISTRATIVAS","2016-I","2016"
"2016-02-01","1477","ESTOMATOLOGIA","2016-I","2016"
"2016-02-01","1151","CIENCIAS Y ARTES DEL HÁBITAT","2016-I","2016"
"2016-07-01","31"," CIENCIAS DE LA SALUD","2016-II","2016"
"2016-07-01","379","SIN AREA","2016-II","2016"
"2016-08-01","13","ESTOMATOLOGIA","2016-II","2016"
"2016-08-01","215","CIENCIA Y TECNOLOGIA","2016-II","2016"
"2016-08-01","188","CIENCIAS Y ARTES DEL HÁBITAT","2016-II","2016"
"2016-08-01","205","INGENIERIA DESARROLLO TECNOLOGICO PRODUCTIVO","2016-II","2016"
"2016-08-01","223","CIENCIAS ECONÓMICAS, FINANCIERAS Y ADMINISTRATIVAS","2016-II","2016"
"2016-08-01","143","CIENCIAS AGRÍCOLAS, PECUARIAS Y RECURSOS NATURALES","2016-II","2016"
"2016-08-01","265","CIENCIAS SOCIALES","2016-II","2016"
"2016-09-01","726","CIENCIAS DE LA EDUCACIÓN","2016-II","2016"
"2017-01-01","6335","CIENCIAS DE LA EDUCACIÓN","2017-I","2017"
"2017-01-01","2174","INGENIERIA DESARROLLO TECNOLOGICO PRODUCTIVO","2017-I","2017"
"2017-01-01","1839","CIENCIA Y TECNOLOGIA","2017-I","2017"
"2017-01-01","5531","CIENCIAS SOCIALES","2017-I","2017"
"2017-01-01","1483","ESTOMATOLOGIA","2017-I","2017"
"2017-02-01","1995","CIENCIAS AGRÍCOLAS, PECUARIAS Y RECURSOS NATURALES","2017-I","2017"
"2017-02-01","3767"," CIENCIAS DE LA SALUD","2017-I","2017"
"2017-02-01","9741","SIN AREA","2017-I","2017"
"2017-02-01","9813","CIENCIAS ECONÓMICAS, FINANCIERAS Y ADMINISTRATIVAS","2017-I","2017"
"2017-02-01","1456","CIENCIAS Y ARTES DEL HÁBITAT","2017-I","2017"
"2017-07-01","355","SIN AREA","2017-II","2017"
"2017-07-01","230","CIENCIAS SOCIALES","2017-II","2017"
"2017-08-01","224","INGENIERIA DESARROLLO TECNOLOGICO PRODUCTIVO","2017-II","2017"
"2017-08-01","126","CIENCIAS AGRÍCOLAS, PECUARIAS Y RECURSOS NATURALES","2017-II","2017"
"2017-09-01","829","CIENCIAS DE LA EDUCACIÓN","2017-II","2017"
"2017-09-01","114","CIENCIA Y TECNOLOGIA","2017-II","2017"
"2017-09-01","7"," CIENCIAS DE LA SALUD","2017-II","2017"
"2017-10-01","250","CIENCIAS ECONÓMICAS, FINANCIERAS Y ADMINISTRATIVAS","2017-II","2017"
"2017-10-01","171","CIENCIAS Y ARTES DEL HÁBITAT","2017-II","2017"
"2017-10-01","9","ESTOMATOLOGIA","2017-II","2017"
"2018-01-01","2323","INGENIERIA DESARROLLO TECNOLOGICO PRODUCTIVO","2018-I","2018"
"2018-01-01","2039","CIENCIAS AGRÍCOLAS, PECUARIAS Y RECURSOS NATURALES","2018-I","2018"
"2018-01-01","3783"," CIENCIAS DE LA SALUD","2018-I","2018"
"2018-01-01","1923","CIENCIA Y TECNOLOGIA","2018-I","2018"
"2018-01-01","6046","CIENCIAS SOCIALES","2018-I","2018"
"2018-01-01","1466","ESTOMATOLOGIA","2018-I","2018"
"2018-01-01","1628","CIENCIAS Y ARTES DEL HÁBITAT","2018-I","2018"
"2018-01-01","7426","CIENCIAS DE LA EDUCACIÓN","2018-I","2018"
"2018-02-01","10852","SIN AREA","2018-I","2018"
"2018-04-01","11015","CIENCIAS ECONÓMICAS, FINANCIERAS Y ADMINISTRATIVAS","2018-I","2018"
"2018-08-01","160","INGENIERIA DESARROLLO TECNOLOGICO PRODUCTIVO","2018-II","2018"
"2018-08-01","132","CIENCIAS AGRÍCOLAS, PECUARIAS Y RECURSOS NATURALES","2018-II","2018"
"2018-08-01","402","SIN AREA","2018-II","2018"
"2018-08-01","166","CIENCIAS ECONÓMICAS, FINANCIERAS Y ADMINISTRATIVAS","2018-II","2018"
"2018-08-01","10"," CIENCIAS DE LA SALUD","2018-II","2018"
"2018-08-01","78","CIENCIA Y TECNOLOGIA","2018-II","2018"
"2018-08-01","104","CIENCIAS Y ARTES DEL HÁBITAT","2018-II","2018"
"2018-09-01","225","CIENCIAS SOCIALES","2018-II","2018"
"2018-09-01","6","ESTOMATOLOGIA","2018-II","2018"
"2018-11-01","605","CIENCIAS DE LA EDUCACIÓN","2018-II","2018"
"2019-01-01","2307","INGENIERIA DESARROLLO TECNOLOGICO PRODUCTIVO","2019-I","2019"
"2019-01-01","2155","CIENCIAS AGRÍCOLAS, PECUARIAS Y RECURSOS NATURALES","2019-I","2019"
"2019-01-01","4045"," CIENCIAS DE LA SALUD","2019-I","2019"
"2019-01-01","6688","CIENCIAS SOCIALES","2019-I","2019"
"2019-01-01","11998","SIN AREA","2019-I","2019"
"2019-02-01","2009","CIENCIA Y TECNOLOGIA","2019-I","2019"
"2019-03-01","1467","ESTOMATOLOGIA","2019-I","2019"
"2019-03-01","1758","CIENCIAS Y ARTES DEL HÁBITAT","2019-I","2019"
"2019-03-01","8289","CIENCIAS DE LA EDUCACIÓN","2019-I","2019"
"2019-04-01","11917","CIENCIAS ECONÓMICAS, FINANCIERAS Y ADMINISTRATIVAS","2019-I","2019"
"2019-07-01","211","CIENCIAS ECONÓMICAS, FINANCIERAS Y ADMINISTRATIVAS","2019-II","2019"
"2019-07-01","239","INGENIERIA DESARROLLO TECNOLOGICO PRODUCTIVO","2019-II","2019"
"2019-07-01","112","CIENCIA Y TECNOLOGIA","2019-II","2019"
"2019-08-01","7"," CIENCIAS DE LA SALUD","2019-II","2019"
"2019-08-01","463","SIN AREA","2019-II","2019"
"2019-08-01","150","CIENCIAS AGRÍCOLAS, PECUARIAS Y RECURSOS NATURALES","2019-II","2019"
"2019-09-01","240","CIENCIAS SOCIALES","2019-II","2019"
"2019-09-01","619","CIENCIAS DE LA EDUCACIÓN","2019-II","2019"
"2019-09-01","180","CIENCIAS Y ARTES DEL HÁBITAT","2019-II","2019"
"2019-10-01","1","ESTOMATOLOGIA","2019-II","2019"
"2020-01-01","11761","CIENCIAS ECONÓMICAS, FINANCIERAS Y ADMINISTRATIVAS","2020-I","2020"
"2020-01-01","1559","ESTOMATOLOGIA","2020-I","2020"
"2020-01-01","1774","CIENCIAS Y ARTES DEL HÁBITAT","2020-I","2020"
"2020-01-01","2178","CIENCIAS AGRÍCOLAS, PECUARIAS Y RECURSOS NATURALES","2020-I","2020"
"2020-01-01","4050"," CIENCIAS DE LA SALUD","2020-I","2020"
"2020-01-01","1961","CIENCIA Y TECNOLOGIA","2020-I","2020"
"2020-01-01","6363","CIENCIAS SOCIALES","2020-I","2020"
"2020-01-01","11315","SIN AREA","2020-I","2020"
"2020-01-01","8801","CIENCIAS DE LA EDUCACIÓN","2020-I","2020"
"2020-01-01","2415","INGENIERIA DESARROLLO TECNOLOGICO PRODUCTIVO","2020-I","2020"
"2020-07-01","275","CIENCIA Y TECNOLOGIA","2020-II","2020"
"2020-08-01","986","CIENCIAS SOCIALES","2020-II","2020"
"2020-09-01","1000","CIENCIAS ECONÓMICAS, FINANCIERAS Y ADMINISTRATIVAS","2020-II","2020"
"2020-09-01","200","CIENCIAS Y ARTES DEL HÁBITAT","2020-II","2020"
"2020-09-01","153","ESTOMATOLOGIA","2020-II","2020"
"2020-09-01","232"," CIENCIAS DE LA SALUD","2020-II","2020"
"2020-09-01","301","CIENCIAS AGRÍCOLAS, PECUARIAS Y RECURSOS NATURALES","2020-II","2020"
"2020-09-01","2106","SIN AREA","2020-II","2020"
"2020-10-01","1565","CIENCIAS DE LA EDUCACIÓN","2020-II","2020"
"2020-11-01","351","INGENIERIA DESARROLLO TECNOLOGICO PRODUCTIVO","2020-II","2020"
"2021-01-01","1999","ESTOMATOLOGIA","2021-I","2021"
"2021-01-01","4463"," CIENCIAS DE LA SALUD","2021-I","2021"
"2021-02-01","2490","CIENCIAS AGRÍCOLAS, PECUARIAS Y RECURSOS NATURALES","2021-I","2021"
"2021-02-01","1892","CIENCIAS Y ARTES DEL HÁBITAT","2021-I","2021"
"2021-02-01","2259","CIENCIA Y TECNOLOGIA","2021-I","2021"
"2021-02-01","13078","SIN AREA","2021-I","2021"
"2021-02-01","9444","CIENCIAS DE LA EDUCACIÓN","2021-I","2021"
"2021-02-01","2721","INGENIERIA DESARROLLO TECNOLOGICO PRODUCTIVO","2021-I","2021"
"2021-02-01","11510","CIENCIAS ECONÓMICAS, FINANCIERAS Y ADMINISTRATIVAS","2021-I","2021"
"2021-05-01","7204","CIENCIAS SOCIALES","2021-I","2021"
"2021-07-01","57","ESTOMATOLOGIA","2021-II","2021"
"2021-07-01","240"," CIENCIAS DE LA SALUD","2021-II","2021"
"2021-07-01","373","CIENCIAS Y ARTES DEL HÁBITAT","2021-II","2021"
"2021-08-01","333","INGENIERIA DESARROLLO TECNOLOGICO PRODUCTIVO","2021-II","2021"
"2021-08-01","2341","CIENCIAS ECONÓMICAS, FINANCIERAS Y ADMINISTRATIVAS","2021-II","2021"
"2021-10-01","471","CIENCIAS AGRÍCOLAS, PECUARIAS Y RECURSOS NATURALES","2021-II","2021"
"2021-10-01","223","CIENCIA Y TECNOLOGIA","2021-II","2021"
"2021-11-01","1535","CIENCIAS DE LA EDUCACIÓN","2021-II","2021"
"2021-11-01","1062","CIENCIAS SOCIALES","2021-II","2021"
"2021-11-01","2442","SIN AREA","2021-II","2021"
"2022-01-01","4922"," CIENCIAS DE LA SALUD","2022-I","2022"
"2022-01-01","13075","CIENCIAS ECONÓMICAS, FINANCIERAS Y ADMINISTRATIVAS","2022-I","2022"
"2022-01-01","2168","ESTOMATOLOGIA","2022-I","2022"
"2022-02-01","14290","SIN AREA","2022-I","2022"
"2022-02-01","9432","CIENCIAS DE LA EDUCACIÓN","2022-I","2022"
"2022-02-01","2140","CIENCIAS Y ARTES DEL HÁBITAT","2022-I","2022"
"2022-03-01","2159","CIENCIA Y TECNOLOGIA","2022-I","2022"
"2022-03-01","7345","CIENCIAS SOCIALES","2022-I","2022"
"2022-03-01","2599","INGENIERIA DESARROLLO TECNOLOGICO PRODUCTIVO","2022-I","2022"
"2022-03-01","2583","CIENCIAS AGRÍCOLAS, PECUARIAS Y RECURSOS NATURALES","2022-I","2022"
"2022-07-01","1999","SIN AREA","2022-II","2022"
"2022-07-01","1479","CIENCIAS ECONÓMICAS, FINANCIERAS Y ADMINISTRATIVAS","2022-II","2022"
"2022-09-01","56","ESTOMATOLOGIA","2022-II","2022"
"2022-09-01","1013","CIENCIAS SOCIALES","2022-II","2022"
"2022-09-01","292","CIENCIAS Y ARTES DEL HÁBITAT","2022-II","2022"
"2022-09-01","81"," CIENCIAS DE LA SALUD","2022-II","2022"
"2022-10-01","1734","CIENCIAS DE LA EDUCACIÓN","2022-II","2022"
"2022-10-01","483","CIENCIAS AGRÍCOLAS, PECUARIAS Y RECURSOS NATURALES","2022-II","2022"
"2022-10-01","287","INGENIERIA DESARROLLO TECNOLOGICO PRODUCTIVO","2022-II","2022"
"2022-10-01","249","CIENCIA Y TECNOLOGIA","2022-II","2022"
"2023-01-01","2280","ESTOMATOLOGIA","2023-I","2023"
"2023-01-01","3047","CIENCIAS AGRÍCOLAS, PECUARIAS Y RECURSOS NATURALES","2023-I","2023"
"2023-01-01","10177","CIENCIAS DE LA EDUCACIÓN","2023-I","2023"
"2023-02-01","2587","INGENIERIA DESARROLLO TECNOLOGICO PRODUCTIVO","2023-I","2023"
"2023-02-01","14017","CIENCIAS ECONÓMICAS, FINANCIERAS Y ADMINISTRATIVAS","2023-I","2023"
"2023-02-01","2210","CIENCIAS Y ARTES DEL HÁBITAT","2023-I","2023"
"2023-02-01","14573","SIN AREA","2023-I","2023"
"2023-03-01","2393","CIENCIA Y TECNOLOGIA","2023-I","2023"
"2023-04-01","5480"," CIENCIAS DE LA SALUD","2023-I","2023"
"2023-05-01","7793","CIENCIAS SOCIALES","2023-I","2023"
"2023-07-01","245","CIENCIA Y TECNOLOGIA","2023-II","2023"
"2023-07-01","966","CIENCIAS DE LA EDUCACIÓN","2023-II","2023"
"2023-07-01","154","CIENCIAS Y ARTES DEL HÁBITAT","2023-II","2023"
"2023-08-01","830","CIENCIAS ECONÓMICAS, FINANCIERAS Y ADMINISTRATIVAS","2023-II","2023"
"2023-08-01","17","ESTOMATOLOGIA","2023-II","2023"
"2023-09-01","284","CIENCIAS AGRÍCOLAS, PECUARIAS Y RECURSOS NATURALES","2023-II","2023"
"2023-10-01","591","CIENCIAS SOCIALES","2023-II","2023"
"2023-10-01","1743","SIN AREA","2023-II","2023"
"2023-10-01","196","INGENIERIA DESARROLLO TECNOLOGICO PRODUCTIVO","2023-II","2023"
"2023-10-01","40"," CIENCIAS DE LA SALUD","2023-II","2023"
"2024-01-01","13069","CIENCIAS ECONÓMICAS, FINANCIERAS Y ADMINISTRATIVAS","2024-I","2024"
"2024-01-01","9621","CIENCIAS DE LA EDUCACIÓN","2024-I","2024"
"2024-01-01","13897","SIN AREA","2024-I","2024"
"2024-02-01","2300","ESTOMATOLOGIA","2024-I","2024"
"2024-02-01","2392","CIENCIA Y TECNOLOGIA","2024-I","2024"
"2024-02-01","7155","CIENCIAS SOCIALES","2024-I","2024"
"2024-03-01","2559","INGENIERIA DESARROLLO TECNOLOGICO PRODUCTIVO","2024-I","2024"
"2024-03-01","5802"," CIENCIAS DE LA SALUD","2024-I","2024"
"2024-05-01","2098","CIENCIAS Y ARTES DEL HÁBITAT","2024-I","2024"
"2024-06-01","2894","CIENCIAS AGRÍCOLAS, PECUARIAS Y RECURSOS NATURALES","2024-I","2024"
"2024-07-01","91"," CIENCIAS DE LA SALUD","2024-II","2024"
"2024-07-01","2519","SIN AREA","2024-II","2024"
"2024-07-01","1502","CIENCIAS ECONÓMICAS, FINANCIERAS Y ADMINISTRATIVAS","2024-II","2024"
"2024-08-01","478","CIENCIAS AGRÍCOLAS, PECUARIAS Y RECURSOS NATURALES","2024-II","2024"
"2024-08-01","366","INGENIERIA DESARROLLO TECNOLOGICO PRODUCTIVO","2024-II","2024"
"2024-09-01","230","CIENCIA Y TECNOLOGIA","2024-II","2024"
"2024-09-01","46","ESTOMATOLOGIA","2024-II","2024"
"2024-09-01","993","CIENCIAS SOCIALES","2024-II","2024"
"2024-10-01","232","CIENCIAS Y ARTES DEL HÁBITAT","2024-II","2024"
"2024-10-01","1497","CIENCIAS DE LA EDUCACIÓN","2024-II","2024"
"2025-01-01","2412","ESTOMATOLOGIA","2025-I","2025"
"2025-01-01","6240"," CIENCIAS DE LA SALUD","2025-I","2025"
"2025-01-01","7004","CIENCIAS SOCIALES","2025-I","2025"
"2025-01-01","12995","CIENCIAS ECONÓMICAS, FINANCIERAS Y ADMINISTRATIVAS","2025-I","2025"
"2025-02-01","2053","CIENCIAS Y ARTES DEL HÁBITAT","2025-I","2025"
"2025-02-01","9904","CIENCIAS DE LA EDUCACIÓN","2025-I","2025"
"2025-02-01","2988","INGENIERIA DESARROLLO TECNOLOGICO PRODUCTIVO","2025-I","2025"
"2025-02-01","2891","CIENCIAS AGRÍCOLAS, PECUARIAS Y RECURSOS NATURALES","2025-I","2025"
"2025-02-01","15859","SIN AREA","2025-I","2025"
"2025-05-01","2337","CIENCIA Y TECNOLOGIA","2025-I","2025"
"2025-07-01","1260","SIN AREA","2025-II","2025"
"2025-07-01","317","CIENCIAS AGRÍCOLAS, PECUARIAS Y RECURSOS NATURALES","2025-II","2025"
"2025-07-01","386","INGENIERIA DESARROLLO TECNOLOGICO PRODUCTIVO","2025-II","2025"
"2025-07-01","73","CIENCIAS Y ARTES DEL HÁBITAT","2025-II","2025"
"2025-07-01","158","CIENCIA Y TECNOLOGIA","2025-II","2025"
"2025-08-01","859","CIENCIAS DE LA EDUCACIÓN","2025-II","2025"
"2025-08-01","59","ESTOMATOLOGIA","2025-II","2025"
"2025-08-01","811","CIENCIAS ECONÓMICAS, FINANCIERAS Y ADMINISTRATIVAS","2025-II","2025"
"2025-09-01","38"," CIENCIAS DE LA SALUD","2025-II","2025"
"2025-09-01","712","CIENCIAS SOCIALES","2025-II","2025"

