"fecha";"matricula_carrera";"carrera_academica";"periodo";"año_y"
NULL;"3";"DERECHO";NULL;NULL
"2016-02-01";"2031";"ADMINISTRACIÓN DE EMPRESAS";"2016-I";"2016"
"2016-02-01";"725";"INGENIERÍA DE GAS Y PETROQUÍMICA";"2016-I";"2016"
"2016-02-01";"3983";"CIENCIAS DE LA EDUCACIÓN";"2016-I";"2016"
"2016-02-01";"1478";"ODONTOLOGÍA";"2016-I";"2016"
"2016-02-01";"982";"COMERCIO INTERNACIONAL";"2016-I";"2016"
"2016-02-01";"244";"HISTORIA";"2016-I";"2016"
"2016-02-01";"843";"MEDICINA VETERINARIA Y ZOOTECNIA";"2016-I";"2016"
"2016-02-01";"1102";"LINGÜÍSTICA E IDIOMAS";"2016-I";"2016"
"2016-02-01";"656";"GESTIÓN TURÍSTICA Y HOTELERA";"2016-I";"2016"
"2016-02-01";"763";"PSICOLOGÍA";"2016-I";"2016"
"2016-02-01";"88";"CIENCIAS FÍSICAS  Y ENERGÍAS ALTERNATIVAS";"2016-I";"2016"
"2016-02-01";"1733";"ENFERMERÍA";"2016-I";"2016"
"2016-02-01";"1354";"EDUCACIÓN PARVULARIA";"2016-I";"2016"
"2016-02-01";"229";"CIENCIAS POLITICAS";"2016-I";"2016"
"2016-02-01";"486";"INGENIERÍA EN PRODUCCIÓN EMPRESARIAL";"2016-I";"2016"
"2016-02-01";"960";"TRABAJO SOCIAL";"2016-I";"2016"
"2016-02-01";"189";"ARTES PLÁSTICAS";"2016-I";"2016"
"2016-02-01";"3841";"CONTADURÍA PÚBLICA";"2016-I";"2016"
"2016-02-01";"1378";"MEDICINA";"2016-I";"2016"
"2016-02-01";"224";"INGENIERÍA EN ZOOTECNIA E INDUSTRIA PECUARIA";"2016-I";"2016"
"2016-02-01";"423";"INGENIERÍA AUTOTRÓNICA";"2016-I";"2016"
"2016-02-01";"1952";"INGENIERÍA DE SISTEMAS";"2016-I";"2016"
"2016-02-01";"569";"INGENIERÍA ELECTRÓNICA";"2016-I";"2016"
"2016-02-01";"1";"TECNOLOGÍA EN LABORATORIO DENTAL";"2016-I";"2016"
"2016-02-01";"426";"NUTRICIÓN Y DIETÉTICA";"2016-I";"2016"
"2016-02-01";"6705";"DERECHO";"2016-I";"2016"
"2016-02-01";"99";"INGENIERÍA TEXTIL";"2016-I";"2016"
"2016-02-01";"164";"INGENIERÍA AMBIENTAL";"2016-I";"2016"
"2016-02-01";"563";"CIENCIAS DEL DESARROLLO";"2016-I";"2016"
"2016-02-01";"744";"ECONOMÍA";"2016-I";"2016"
"2016-02-01";"894";"INGENIERÍA CIVIL";"2016-I";"2016"
"2016-02-01";"999";"CIENCIAS DE LA COMUNICACIÓN SOCIAL";"2016-I";"2016"
"2016-02-01";"300";"SOCIOLOGÍA";"2016-I";"2016"
"2016-02-01";"819";"INGENIERÍA AGRONÓMICA";"2016-I";"2016"
"2016-02-01";"136";"INGENIERÍA ELECTRICA";"2016-I";"2016"
"2016-02-01";"966";"ARQUITECTURA";"2016-I";"2016"
"2016-08-01";"13";"TRABAJO SOCIAL";"2016-II";"2016"
"2016-08-01";"16";"CIENCIAS FÍSICAS  Y ENERGÍAS ALTERNATIVAS";"2016-II";"2016"
"2016-08-01";"20";"MEDICINA";"2016-II";"2016"
"2016-08-01";"76";"INGENIERÍA DE SISTEMAS";"2016-II";"2016"
"2016-08-01";"107";"PSICOLOGÍA";"2016-II";"2016"
"2016-08-01";"9";"INGENIERÍA TEXTIL";"2016-II";"2016"
"2016-08-01";"41";"INGENIERÍA DE GAS Y PETROQUÍMICA";"2016-II";"2016"
"2016-08-01";"23";"INGENIERÍA AMBIENTAL";"2016-II";"2016"
"2016-08-01";"22";"INGENIERÍA EN ZOOTECNIA E INDUSTRIA PECUARIA";"2016-II";"2016"
"2016-08-01";"158";"ARQUITECTURA";"2016-II";"2016"
"2016-08-01";"22";"CONTADURÍA PÚBLICA";"2016-II";"2016"
"2016-08-01";"30";"CIENCIAS DEL DESARROLLO";"2016-II";"2016"
"2016-08-01";"28";"INGENIERÍA ELECTRICA";"2016-II";"2016"
"2016-08-01";"30";"INGENIERÍA EN PRODUCCIÓN EMPRESARIAL";"2016-II";"2016"
"2016-08-01";"25";"ARTES PLÁSTICAS";"2016-II";"2016"
"2016-08-01";"6";"ECONOMÍA";"2016-II";"2016"
"2016-08-01";"4";"CIENCIAS POLITICAS";"2016-II";"2016"
"2016-08-01";"19";"ADMINISTRACIÓN DE EMPRESAS";"2016-II";"2016"
"2016-08-01";"6";"HISTORIA";"2016-II";"2016"
"2016-08-01";"69";"INGENIERÍA AUTOTRÓNICA";"2016-II";"2016"
"2016-08-01";"69";"MEDICINA VETERINARIA Y ZOOTECNIA";"2016-II";"2016"
"2016-08-01";"54";"LINGÜÍSTICA E IDIOMAS";"2016-II";"2016"
"2016-08-01";"157";"COMERCIO INTERNACIONAL";"2016-II";"2016"
"2016-08-01";"5";"GESTIÓN TURÍSTICA Y HOTELERA";"2016-II";"2016"
"2016-08-01";"4";"SOCIOLOGÍA";"2016-II";"2016"
"2016-08-01";"11";"ODONTOLOGÍA";"2016-II";"2016"
"2016-08-01";"20";"INGENIERÍA AGRONÓMICA";"2016-II";"2016"
"2016-08-01";"140";"INGENIERÍA CIVIL";"2016-II";"2016"
"2016-08-01";"9";"ENFERMERÍA";"2016-II";"2016"
"2016-09-01";"12";"CIENCIAS DE LA COMUNICACIÓN SOCIAL";"2016-II";"2016"
"2016-10-01";"414";"CIENCIAS DE LA EDUCACIÓN";"2016-II";"2016"
"2016-10-01";"283";"EDUCACIÓN PARVULARIA";"2016-II";"2016"
"2016-11-01";"39";"INGENIERÍA ELECTRÓNICA";"2016-II";"2016"
"2016-12-01";"131";"DERECHO";"2016-II";"2016"
"2017-01-01";"265";"ARTES PLÁSTICAS";"2017-I";"2017"
"2017-01-01";"279";"INGENIERÍA EN ZOOTECNIA E INDUSTRIA PECUARIA";"2017-I";"2017"
"2017-01-01";"636";"INGENIERÍA ELECTRÓNICA";"2017-I";"2017"
"2017-01-01";"7390";"DERECHO";"2017-I";"2017"
"2017-01-01";"613";"CIENCIAS DEL DESARROLLO";"2017-I";"2017"
"2017-01-01";"1107";"INGENIERÍA CIVIL";"2017-I";"2017"
"2017-01-01";"1183";"CIENCIAS DE LA COMUNICACIÓN SOCIAL";"2017-I";"2017"
"2017-01-01";"2386";"ADMINISTRACIÓN DE EMPRESAS";"2017-I";"2017"
"2017-01-01";"752";"INGENIERÍA DE GAS Y PETROQUÍMICA";"2017-I";"2017"
"2017-01-01";"1483";"ODONTOLOGÍA";"2017-I";"2017"
"2017-01-01";"1199";"LINGÜÍSTICA E IDIOMAS";"2017-I";"2017"
"2017-01-01";"799";"GESTIÓN TURÍSTICA Y HOTELERA";"2017-I";"2017"
"2017-01-01";"901";"PSICOLOGÍA";"2017-I";"2017"
"2017-01-01";"286";"CIENCIAS POLITICAS";"2017-I";"2017"
"2017-01-01";"515";"INGENIERÍA EN PRODUCCIÓN EMPRESARIAL";"2017-I";"2017"
"2017-02-01";"4435";"CONTADURÍA PÚBLICA";"2017-I";"2017"
"2017-02-01";"4635";"CIENCIAS DE LA EDUCACIÓN";"2017-I";"2017"
"2017-02-01";"1482";"MEDICINA";"2017-I";"2017"
"2017-02-01";"488";"INGENIERÍA AUTOTRÓNICA";"2017-I";"2017"
"2017-02-01";"2005";"INGENIERÍA DE SISTEMAS";"2017-I";"2017"
"2017-02-01";"520";"NUTRICIÓN Y DIETÉTICA";"2017-I";"2017"
"2017-02-01";"109";"INGENIERÍA TEXTIL";"2017-I";"2017"
"2017-02-01";"224";"INGENIERÍA AMBIENTAL";"2017-I";"2017"
"2017-02-01";"929";"ECONOMÍA";"2017-I";"2017"
"2017-02-01";"815";"INGENIERÍA AGRONÓMICA";"2017-I";"2017"
"2017-02-01";"1277";"ARQUITECTURA";"2017-I";"2017"
"2017-02-01";"1260";"COMERCIO INTERNACIONAL";"2017-I";"2017"
"2017-02-01";"255";"HISTORIA";"2017-I";"2017"
"2017-02-01";"904";"MEDICINA VETERINARIA Y ZOOTECNIA";"2017-I";"2017"
"2017-02-01";"1065";"TRABAJO SOCIAL";"2017-I";"2017"
"2017-02-01";"91";"CIENCIAS FÍSICAS  Y ENERGÍAS ALTERNATIVAS";"2017-I";"2017"
"2017-02-01";"1764";"ENFERMERÍA";"2017-I";"2017"
"2017-02-01";"1728";"EDUCACIÓN PARVULARIA";"2017-I";"2017"
"2017-03-01";"320";"SOCIOLOGÍA";"2017-I";"2017"
"2017-03-01";"199";"INGENIERÍA ELECTRICA";"2017-I";"2017"
"2017-08-01";"1";"CIENCIAS POLITICAS";"2017-II";"2017"
"2017-08-01";"111";"DERECHO";"2017-II";"2017"
"2017-08-01";"2";"INGENIERÍA TEXTIL";"2017-II";"2017"
"2017-08-01";"212";"COMERCIO INTERNACIONAL";"2017-II";"2017"
"2017-08-01";"18";"INGENIERÍA ELECTRICA";"2017-II";"2017"
"2017-08-01";"4";"ARTES PLÁSTICAS";"2017-II";"2017"
"2017-08-01";"11";"CIENCIAS FÍSICAS  Y ENERGÍAS ALTERNATIVAS";"2017-II";"2017"
"2017-08-01";"14";"INGENIERÍA EN PRODUCCIÓN EMPRESARIAL";"2017-II";"2017"
"2017-08-01";"193";"INGENIERÍA DE SISTEMAS";"2017-II";"2017"
"2017-08-01";"15";"INGENIERÍA DE GAS Y PETROQUÍMICA";"2017-II";"2017"
"2017-08-01";"48";"MEDICINA VETERINARIA Y ZOOTECNIA";"2017-II";"2017"
"2017-08-01";"67";"LINGÜÍSTICA E IDIOMAS";"2017-II";"2017"
"2017-08-01";"10";"INGENIERÍA EN ZOOTECNIA E INDUSTRIA PECUARIA";"2017-II";"2017"
"2017-08-01";"62";"INGENIERÍA AGRONÓMICA";"2017-II";"2017"
"2017-08-01";"130";"INGENIERÍA AUTOTRÓNICA";"2017-II";"2017"
"2017-08-01";"13";"ECONOMÍA";"2017-II";"2017"
"2017-09-01";"450";"CIENCIAS DE LA EDUCACIÓN";"2017-II";"2017"
"2017-09-01";"3";"ENFERMERÍA";"2017-II";"2017"
"2017-09-01";"24";"INGENIERÍA AMBIENTAL";"2017-II";"2017"
"2017-09-01";"26";"CIENCIAS DEL DESARROLLO";"2017-II";"2017"
"2017-09-01";"75";"INGENIERÍA CIVIL";"2017-II";"2017"
"2017-09-01";"7";"TRABAJO SOCIAL";"2017-II";"2017"
"2017-10-01";"4";"ADMINISTRACIÓN DE EMPRESAS";"2017-II";"2017"
"2017-10-01";"105";"PSICOLOGÍA";"2017-II";"2017"
"2017-10-01";"1";"NUTRICIÓN Y DIETÉTICA";"2017-II";"2017"
"2017-10-01";"2";"GESTIÓN TURÍSTICA Y HOTELERA";"2017-II";"2017"
"2017-10-01";"9";"ODONTOLOGÍA";"2017-II";"2017"
"2017-10-01";"342";"EDUCACIÓN PARVULARIA";"2017-II";"2017"
"2017-10-01";"3";"MEDICINA";"2017-II";"2017"
"2017-10-01";"14";"CONTADURÍA PÚBLICA";"2017-II";"2017"
"2017-10-01";"79";"ARQUITECTURA";"2017-II";"2017"
"2017-10-01";"8";"CIENCIAS DE LA COMUNICACIÓN SOCIAL";"2017-II";"2017"
"2017-11-01";"1";"HISTORIA";"2017-II";"2017"
"2017-11-01";"34";"INGENIERÍA ELECTRÓNICA";"2017-II";"2017"
"2018-01-01";"840";"INGENIERÍA AGRONÓMICA";"2018-I";"2018"
"2018-01-01";"1344";"ARQUITECTURA";"2018-I";"2018"
"2018-01-01";"789";"INGENIERÍA DE GAS Y PETROQUÍMICA";"2018-I";"2018"
"2018-01-01";"1466";"ODONTOLOGÍA";"2018-I";"2018"
"2018-01-01";"1545";"COMERCIO INTERNACIONAL";"2018-I";"2018"
"2018-01-01";"925";"MEDICINA VETERINARIA Y ZOOTECNIA";"2018-I";"2018"
"2018-01-01";"1135";"TRABAJO SOCIAL";"2018-I";"2018"
"2018-01-01";"1262";"LINGÜÍSTICA E IDIOMAS";"2018-I";"2018"
"2018-01-01";"1033";"PSICOLOGÍA";"2018-I";"2018"
"2018-01-01";"1776";"ENFERMERÍA";"2018-I";"2018"
"2018-01-01";"323";"CIENCIAS POLITICAS";"2018-I";"2018"
"2018-01-01";"534";"INGENIERÍA EN PRODUCCIÓN EMPRESARIAL";"2018-I";"2018"
"2018-01-01";"282";"ARTES PLÁSTICAS";"2018-I";"2018"
"2018-01-01";"5190";"CIENCIAS DE LA EDUCACIÓN";"2018-I";"2018"
"2018-01-01";"524";"INGENIERÍA AUTOTRÓNICA";"2018-I";"2018"
"2018-01-01";"673";"INGENIERÍA ELECTRÓNICA";"2018-I";"2018"
"2018-01-01";"561";"NUTRICIÓN Y DIETÉTICA";"2018-I";"2018"
"2018-01-01";"265";"INGENIERÍA AMBIENTAL";"2018-I";"2018"
"2018-01-01";"599";"CIENCIAS DEL DESARROLLO";"2018-I";"2018"
"2018-01-01";"1133";"INGENIERÍA CIVIL";"2018-I";"2018"
"2018-02-01";"2689";"ADMINISTRACIÓN DE EMPRESAS";"2018-I";"2018"
"2018-02-01";"288";"HISTORIA";"2018-I";"2018"
"2018-02-01";"860";"GESTIÓN TURÍSTICA Y HOTELERA";"2018-I";"2018"
"2018-02-01";"2242";"EDUCACIÓN PARVULARIA";"2018-I";"2018"
"2018-02-01";"1448";"MEDICINA";"2018-I";"2018"
"2018-02-01";"2328";"INGENIERÍA DE SISTEMAS";"2018-I";"2018"
"2018-02-01";"8128";"DERECHO";"2018-I";"2018"
"2018-02-01";"103";"INGENIERÍA TEXTIL";"2018-I";"2018"
"2018-02-01";"1022";"ECONOMÍA";"2018-I";"2018"
"2018-02-01";"1337";"CIENCIAS DE LA COMUNICACIÓN SOCIAL";"2018-I";"2018"
"2018-02-01";"388";"SOCIOLOGÍA";"2018-I";"2018"
"2018-03-01";"297";"INGENIERÍA EN ZOOTECNIA E INDUSTRIA PECUARIA";"2018-I";"2018"
"2018-03-01";"102";"CIENCIAS FÍSICAS  Y ENERGÍAS ALTERNATIVAS";"2018-I";"2018"
"2018-04-01";"4888";"CONTADURÍA PÚBLICA";"2018-I";"2018"
"2018-04-01";"222";"INGENIERÍA ELECTRICA";"2018-I";"2018"
"2018-08-01";"38";"INGENIERÍA AGRONÓMICA";"2018-II";"2018"
"2018-08-01";"262";"INGENIERÍA DE SISTEMAS";"2018-II";"2018"
"2018-08-01";"6";"CIENCIAS FÍSICAS  Y ENERGÍAS ALTERNATIVAS";"2018-II";"2018"
"2018-08-01";"121";"COMERCIO INTERNACIONAL";"2018-II";"2018"
"2018-08-01";"21";"CONTADURÍA PÚBLICA";"2018-II";"2018"
"2018-08-01";"33";"INGENIERÍA DE GAS Y PETROQUÍMICA";"2018-II";"2018"
"2018-08-01";"57";"MEDICINA VETERINARIA Y ZOOTECNIA";"2018-II";"2018"
"2018-08-01";"59";"LINGÜÍSTICA E IDIOMAS";"2018-II";"2018"
"2018-08-01";"12";"INGENIERÍA EN ZOOTECNIA E INDUSTRIA PECUARIA";"2018-II";"2018"
"2018-08-01";"80";"ARQUITECTURA";"2018-II";"2018"
"2018-08-01";"4";"ECONOMÍA";"2018-II";"2018"
"2018-08-01";"8";"TRABAJO SOCIAL";"2018-II";"2018"
"2018-08-01";"28";"INGENIERÍA EN PRODUCCIÓN EMPRESARIAL";"2018-II";"2018"
"2018-08-01";"12";"ADMINISTRACIÓN DE EMPRESAS";"2018-II";"2018"
"2018-08-01";"43";"INGENIERÍA CIVIL";"2018-II";"2018"
"2018-08-01";"3";"HISTORIA";"2018-II";"2018"
"2018-08-01";"44";"INGENIERÍA AUTOTRÓNICA";"2018-II";"2018"
"2018-08-01";"34";"INGENIERÍA ELECTRÓNICA";"2018-II";"2018"
"2018-08-01";"103";"PSICOLOGÍA";"2018-II";"2018"
"2018-08-01";"17";"INGENIERÍA AMBIENTAL";"2018-II";"2018"
"2018-08-01";"6";"INGENIERÍA TEXTIL";"2018-II";"2018"
"2018-08-01";"4";"ENFERMERÍA";"2018-II";"2018"
"2018-08-01";"22";"ARTES PLÁSTICAS";"2018-II";"2018"
"2018-08-01";"241";"EDUCACIÓN PARVULARIA";"2018-II";"2018"
"2018-09-01";"41";"CIENCIAS DEL DESARROLLO";"2018-II";"2018"
"2018-09-01";"6";"ODONTOLOGÍA";"2018-II";"2018"
"2018-09-01";"27";"INGENIERÍA ELECTRICA";"2018-II";"2018"
"2018-10-01";"2";"GESTIÓN TURÍSTICA Y HOTELERA";"2018-II";"2018"
"2018-11-01";"2";"CIENCIAS DE LA COMUNICACIÓN SOCIAL";"2018-II";"2018"
"2018-11-01";"352";"CIENCIAS DE LA EDUCACIÓN";"2018-II";"2018"
"2018-11-01";"3";"MEDICINA";"2018-II";"2018"
"2018-11-01";"92";"DERECHO";"2018-II";"2018"
"2018-11-01";"2";"CIENCIAS POLITICAS";"2018-II";"2018"
"2019-01-01";"328";"ARTES PLÁSTICAS";"2019-I";"2019"
"2019-01-01";"102";"CIENCIAS FÍSICAS  Y ENERGÍAS ALTERNATIVAS";"2019-I";"2019"
"2019-01-01";"1645";"MEDICINA";"2019-I";"2019"
"2019-01-01";"542";"INGENIERÍA AUTOTRÓNICA";"2019-I";"2019"
"2019-01-01";"2893";"INGENIERÍA DE SISTEMAS";"2019-I";"2019"
"2019-01-01";"819";"INGENIERÍA DE GAS Y PETROQUÍMICA";"2019-I";"2019"
"2019-01-01";"605";"NUTRICIÓN Y DIETÉTICA";"2019-I";"2019"
"2019-01-01";"8937";"DERECHO";"2019-I";"2019"
"2019-01-01";"104";"INGENIERÍA TEXTIL";"2019-I";"2019"
"2019-01-01";"626";"CIENCIAS DEL DESARROLLO";"2019-I";"2019"
"2019-01-01";"408";"SOCIOLOGÍA";"2019-I";"2019"
"2019-01-01";"861";"INGENIERÍA AGRONÓMICA";"2019-I";"2019"
"2019-01-01";"1742";"COMERCIO INTERNACIONAL";"2019-I";"2019"
"2019-01-01";"344";"HISTORIA";"2019-I";"2019"
"2019-01-01";"341";"INGENIERÍA EN ZOOTECNIA E INDUSTRIA PECUARIA";"2019-I";"2019"
"2019-01-01";"2842";"ADMINISTRACIÓN DE EMPRESAS";"2019-I";"2019"
"2019-01-01";"1172";"PSICOLOGÍA";"2019-I";"2019"
"2019-01-01";"1795";"ENFERMERÍA";"2019-I";"2019"
"2019-01-01";"340";"CIENCIAS POLITICAS";"2019-I";"2019"
"2019-01-01";"559";"INGENIERÍA EN PRODUCCIÓN EMPRESARIAL";"2019-I";"2019"
"2019-02-01";"709";"INGENIERÍA ELECTRÓNICA";"2019-I";"2019"
"2019-02-01";"260";"INGENIERÍA AMBIENTAL";"2019-I";"2019"
"2019-02-01";"253";"INGENIERÍA ELECTRICA";"2019-I";"2019"
"2019-02-01";"1245";"ECONOMÍA";"2019-I";"2019"
"2019-02-01";"1190";"INGENIERÍA CIVIL";"2019-I";"2019"
"2019-02-01";"1603";"CIENCIAS DE LA COMUNICACIÓN SOCIAL";"2019-I";"2019"
"2019-02-01";"1348";"LINGÜÍSTICA E IDIOMAS";"2019-I";"2019"
"2019-02-01";"924";"GESTIÓN TURÍSTICA Y HOTELERA";"2019-I";"2019"
"2019-02-01";"1216";"TRABAJO SOCIAL";"2019-I";"2019"
"2019-02-01";"2512";"EDUCACIÓN PARVULARIA";"2019-I";"2019"
"2019-03-01";"982";"MEDICINA VETERINARIA Y ZOOTECNIA";"2019-I";"2019"
"2019-03-01";"5786";"CIENCIAS DE LA EDUCACIÓN";"2019-I";"2019"
"2019-03-01";"1588";"ARQUITECTURA";"2019-I";"2019"
"2019-03-01";"1467";"ODONTOLOGÍA";"2019-I";"2019"
"2019-04-01";"5164";"CONTADURÍA PÚBLICA";"2019-I";"2019"
"2019-08-01";"22";"INGENIERÍA EN PRODUCCIÓN EMPRESARIAL";"2019-II";"2019"
"2019-08-01";"33";"INGENIERÍA AUTOTRÓNICA";"2019-II";"2019"
"2019-08-01";"17";"INGENIERÍA ELECTRÓNICA";"2019-II";"2019"
"2019-08-01";"1";"INGENIERÍA TEXTIL";"2019-II";"2019"
"2019-08-01";"3";"CIENCIAS POLITICAS";"2019-II";"2019"
"2019-08-01";"3";"ENFERMERÍA";"2019-II";"2019"
"2019-08-01";"7";"INGENIERÍA ELECTRICA";"2019-II";"2019"
"2019-08-01";"6";"TRABAJO SOCIAL";"2019-II";"2019"
"2019-08-01";"62";"MEDICINA VETERINARIA Y ZOOTECNIA";"2019-II";"2019"
"2019-08-01";"14";"INGENIERÍA DE SISTEMAS";"2019-II";"2019"
"2019-08-01";"58";"INGENIERÍA AGRONÓMICA";"2019-II";"2019"
"2019-08-01";"8";"CIENCIAS FÍSICAS  Y ENERGÍAS ALTERNATIVAS";"2019-II";"2019"
"2019-08-01";"22";"CONTADURÍA PÚBLICA";"2019-II";"2019"
"2019-08-01";"148";"DERECHO";"2019-II";"2019"
"2019-09-01";"263";"EDUCACIÓN PARVULARIA";"2019-II";"2019"
"2019-09-01";"63";"LINGÜÍSTICA E IDIOMAS";"2019-II";"2019"
"2019-09-01";"34";"INGENIERÍA AMBIENTAL";"2019-II";"2019"
"2019-09-01";"341";"CIENCIAS DE LA EDUCACIÓN";"2019-II";"2019"
"2019-09-01";"64";"INGENIERÍA CIVIL";"2019-II";"2019"
"2019-09-01";"103";"PSICOLOGÍA";"2019-II";"2019"
"2019-09-01";"4";"GESTIÓN TURÍSTICA Y HOTELERA";"2019-II";"2019"
"2019-09-01";"16";"ARQUITECTURA";"2019-II";"2019"
"2019-09-01";"19";"CIENCIAS DEL DESARROLLO";"2019-II";"2019"
"2019-09-01";"2";"ARTES PLÁSTICAS";"2019-II";"2019"
"2019-10-01";"1";"ODONTOLOGÍA";"2019-II";"2019"
"2019-10-01";"8";"ECONOMÍA";"2019-II";"2019"
"2019-10-01";"154";"COMERCIO INTERNACIONAL";"2019-II";"2019"
"2019-11-01";"2";"MEDICINA";"2019-II";"2019"
"2019-11-01";"6";"CIENCIAS DE LA COMUNICACIÓN SOCIAL";"2019-II";"2019"
"2019-11-01";"42";"INGENIERÍA DE GAS Y PETROQUÍMICA";"2019-II";"2019"
"2019-12-01";"1";"SOCIOLOGÍA";"2019-II";"2019"
"2019-12-01";"1";"NUTRICIÓN Y DIETÉTICA";"2019-II";"2019"
"2019-12-01";"11";"ADMINISTRACIÓN DE EMPRESAS";"2019-II";"2019"
"2020-01-01";"1189";"INGENIERÍA CIVIL";"2020-I";"2020"
"2020-01-01";"1463";"CIENCIAS DE LA COMUNICACIÓN SOCIAL";"2020-I";"2020"
"2020-01-01";"847";"INGENIERÍA AGRONÓMICA";"2020-I";"2020"
"2020-01-01";"564";"INGENIERÍA EN PRODUCCIÓN EMPRESARIAL";"2020-I";"2020"
"2020-01-01";"957";"MEDICINA VETERINARIA Y ZOOTECNIA";"2020-I";"2020"
"2020-01-01";"5825";"CIENCIAS DE LA EDUCACIÓN";"2020-I";"2020"
"2020-01-01";"1459";"ARQUITECTURA";"2020-I";"2020"
"2020-01-01";"1499";"ODONTOLOGÍA";"2020-I";"2020"
"2020-01-01";"413";"INGENIERÍA EN ZOOTECNIA E INDUSTRIA PECUARIA";"2020-I";"2020"
"2020-01-01";"2826";"ADMINISTRACIÓN DE EMPRESAS";"2020-I";"2020"
"2020-01-01";"948";"GESTIÓN TURÍSTICA Y HOTELERA";"2020-I";"2020"
"2020-01-01";"1202";"TRABAJO SOCIAL";"2020-I";"2020"
"2020-01-01";"1830";"ENFERMERÍA";"2020-I";"2020"
"2020-01-01";"436";"CIENCIAS POLITICAS";"2020-I";"2020"
"2020-01-01";"319";"ARTES PLÁSTICAS";"2020-I";"2020"
"2020-01-01";"104";"CIENCIAS FÍSICAS  Y ENERGÍAS ALTERNATIVAS";"2020-I";"2020"
"2020-01-01";"1579";"MEDICINA";"2020-I";"2020"
"2020-01-01";"374";"HISTORIA";"2020-I";"2020"
"2020-01-01";"2831";"EDUCACIÓN PARVULARIA";"2020-I";"2020"
"2020-01-01";"535";"INGENIERÍA AUTOTRÓNICA";"2020-I";"2020"
"2020-01-01";"2763";"INGENIERÍA DE SISTEMAS";"2020-I";"2020"
"2020-01-01";"346";"SOCIOLOGÍA";"2020-I";"2020"
"2020-01-01";"5030";"CONTADURÍA PÚBLICA";"2020-I";"2020"
"2020-01-01";"846";"INGENIERÍA DE GAS Y PETROQUÍMICA";"2020-I";"2020"
"2020-01-01";"663";"NUTRICIÓN Y DIETÉTICA";"2020-I";"2020"
"2020-01-01";"8246";"DERECHO";"2020-I";"2020"
"2020-01-01";"572";"CIENCIAS DEL DESARROLLO";"2020-I";"2020"
"2020-01-01";"1251";"ECONOMÍA";"2020-I";"2020"
"2020-02-01";"1878";"COMERCIO INTERNACIONAL";"2020-I";"2020"
"2020-02-01";"1326";"LINGÜÍSTICA E IDIOMAS";"2020-I";"2020"
"2020-02-01";"673";"INGENIERÍA ELECTRÓNICA";"2020-I";"2020"
"2020-02-01";"109";"INGENIERÍA TEXTIL";"2020-I";"2020"
"2020-02-01";"289";"INGENIERÍA AMBIENTAL";"2020-I";"2020"
"2020-02-01";"252";"INGENIERÍA ELECTRICA";"2020-I";"2020"
"2020-05-01";"72";"TECNOLOGÍA EN LABORATORIO DENTAL";"2020-I";"2020"
"2020-06-01";"232";"PSICOMOTRICIDAD Y DEPORTES";"2020-I";"2020"
"2020-07-01";"1238";"PSICOLOGÍA";"2020-I";"2020"
"2020-08-01";"258";"COMERCIO INTERNACIONAL";"2020-II";"2020"
"2020-08-01";"75";"INGENIERÍA DE GAS Y PETROQUÍMICA";"2020-II";"2020"
"2020-08-01";"60";"CIENCIAS DEL DESARROLLO";"2020-II";"2020"
"2020-08-01";"1482";"DERECHO";"2020-II";"2020"
"2020-08-01";"5";"NUTRICIÓN Y DIETÉTICA";"2020-II";"2020"
"2020-08-01";"70";"ECONOMÍA";"2020-II";"2020"
"2020-08-01";"92";"INGENIERÍA ELECTRÓNICA";"2020-II";"2020"
"2020-09-01";"75";"INGENIERÍA AUTOTRÓNICA";"2020-II";"2020"
"2020-09-01";"297";"INGENIERÍA DE SISTEMAS";"2020-II";"2020"
"2020-09-01";"15";"HISTORIA";"2020-II";"2020"
"2020-09-01";"56";"INGENIERÍA ELECTRICA";"2020-II";"2020"
"2020-09-01";"330";"CONTADURÍA PÚBLICA";"2020-II";"2020"
"2020-09-01";"154";"ENFERMERÍA";"2020-II";"2020"
"2020-09-01";"97";"ODONTOLOGÍA";"2020-II";"2020"
"2020-09-01";"50";"MEDICINA";"2020-II";"2020"
"2020-09-01";"120";"INGENIERÍA AGRONÓMICA";"2020-II";"2020"
"2020-09-01";"140";"ARQUITECTURA";"2020-II";"2020"
"2020-09-01";"21";"INGENIERÍA AMBIENTAL";"2020-II";"2020"
"2020-09-01";"52";"INGENIERÍA EN ZOOTECNIA E INDUSTRIA PECUARIA";"2020-II";"2020"
"2020-09-01";"18";"INGENIERÍA TEXTIL";"2020-II";"2020"
"2020-09-01";"51";"ARTES PLÁSTICAS";"2020-II";"2020"
"2020-10-01";"158";"LINGÜÍSTICA E IDIOMAS";"2020-II";"2020"
"2020-10-01";"5";"CIENCIAS FÍSICAS  Y ENERGÍAS ALTERNATIVAS";"2020-II";"2020"
"2020-10-01";"34";"GESTIÓN TURÍSTICA Y HOTELERA";"2020-II";"2020"
"2020-10-01";"66";"SOCIOLOGÍA";"2020-II";"2020"
"2020-10-01";"475";"PROGRAMA DE LICENCIATURA EN MUSICA";"2020-II";"2020"
"2020-10-01";"140";"PSICOLOGÍA";"2020-II";"2020"
"2020-10-01";"565";"CIENCIAS DE LA EDUCACIÓN";"2020-II";"2020"
"2020-10-01";"116";"TRABAJO SOCIAL";"2020-II";"2020"
"2020-10-01";"118";"INGENIERÍA CIVIL";"2020-II";"2020"
"2020-11-01";"110";"ADMINISTRACIÓN DE EMPRESAS";"2020-II";"2020"
"2020-11-01";"325";"EDUCACIÓN PARVULARIA";"2020-II";"2020"
"2020-11-01";"101";"PSICOMOTRICIDAD Y DEPORTES";"2020-II";"2020"
"2020-11-01";"84";"MEDICINA VETERINARIA Y ZOOTECNIA";"2020-II";"2020"
"2020-11-01";"76";"INGENIERÍA EN PRODUCCIÓN EMPRESARIAL";"2020-II";"2020"
"2020-12-01";"69";"CIENCIAS POLITICAS";"2020-II";"2020"
"2020-12-01";"259";"CIENCIAS DE LA COMUNICACIÓN SOCIAL";"2020-II";"2020"
"2020-12-01";"42";"TECNOLOGÍA EN LABORATORIO DENTAL";"2020-II";"2020"
"2021-01-01";"2179";"ENFERMERÍA";"2021-I";"2021"
"2021-01-01";"1307";"PSICOLOGÍA";"2021-I";"2021"
"2021-01-01";"338";"ARTES PLÁSTICAS";"2021-I";"2021"
"2021-01-01";"136";"INGENIERÍA TEXTIL";"2021-I";"2021"
"2021-01-01";"1778";"ODONTOLOGÍA";"2021-I";"2021"
"2021-02-01";"1336";"TRABAJO SOCIAL";"2021-I";"2021"
"2021-02-01";"3095";"EDUCACIÓN PARVULARIA";"2021-I";"2021"
"2021-02-01";"503";"PSICOMOTRICIDAD Y DEPORTES";"2021-I";"2021"
"2021-02-01";"129";"CIENCIAS FÍSICAS  Y ENERGÍAS ALTERNATIVAS";"2021-I";"2021"
"2021-02-01";"1657";"MEDICINA";"2021-I";"2021"
"2021-02-01";"639";"INGENIERÍA AUTOTRÓNICA";"2021-I";"2021"
"2021-02-01";"3059";"INGENIERÍA DE SISTEMAS";"2021-I";"2021"
"2021-02-01";"727";"INGENIERÍA ELECTRÓNICA";"2021-I";"2021"
"2021-02-01";"925";"INGENIERÍA AGRONÓMICA";"2021-I";"2021"
"2021-02-01";"4485";"CONTADURÍA PÚBLICA";"2021-I";"2021"
"2021-02-01";"909";"INGENIERÍA DE GAS Y PETROQUÍMICA";"2021-I";"2021"
"2021-02-01";"784";"NUTRICIÓN Y DIETÉTICA";"2021-I";"2021"
"2021-02-01";"301";"INGENIERÍA AMBIENTAL";"2021-I";"2021"
"2021-02-01";"1363";"INGENIERÍA CIVIL";"2021-I";"2021"
"2021-02-01";"605";"INGENIERÍA EN PRODUCCIÓN EMPRESARIAL";"2021-I";"2021"
"2021-02-01";"448";"SOCIOLOGÍA";"2021-I";"2021"
"2021-02-01";"5965";"CIENCIAS DE LA EDUCACIÓN";"2021-I";"2021"
"2021-02-01";"1574";"ARQUITECTURA";"2021-I";"2021"
"2021-02-01";"2140";"COMERCIO INTERNACIONAL";"2021-I";"2021"
"2021-02-01";"500";"INGENIERÍA EN ZOOTECNIA E INDUSTRIA PECUARIA";"2021-I";"2021"
"2021-02-01";"3045";"ADMINISTRACIÓN DE EMPRESAS";"2021-I";"2021"
"2021-02-01";"1007";"GESTIÓN TURÍSTICA Y HOTELERA";"2021-I";"2021"
"2021-03-01";"573";"CIENCIAS POLITICAS";"2021-I";"2021"
"2021-03-01";"9787";"DERECHO";"2021-I";"2021"
"2021-03-01";"1084";"MEDICINA VETERINARIA Y ZOOTECNIA";"2021-I";"2021"
"2021-03-01";"234";"TECNOLOGÍA EN LABORATORIO DENTAL";"2021-I";"2021"
"2021-03-01";"1870";"CIENCIAS DE LA COMUNICACIÓN SOCIAL";"2021-I";"2021"
"2021-04-01";"337";"INGENIERÍA ELECTRICA";"2021-I";"2021"
"2021-05-01";"617";"CIENCIAS DEL DESARROLLO";"2021-I";"2021"
"2021-05-01";"395";"HISTORIA";"2021-I";"2021"
"2021-07-01";"1405";"LINGÜÍSTICA E IDIOMAS";"2021-I";"2021"
"2021-07-01";"1111";"ECONOMÍA";"2021-I";"2021"
"2021-08-01";"56";"INGENIERÍA DE GAS Y PETROQUÍMICA";"2021-II";"2021"
"2021-08-01";"32";"ODONTOLOGÍA";"2021-II";"2021"
"2021-08-01";"83";"INGENIERÍA EN ZOOTECNIA E INDUSTRIA PECUARIA";"2021-II";"2021"
"2021-08-01";"1481";"DERECHO";"2021-II";"2021"
"2021-08-01";"58";"INGENIERÍA AUTOTRÓNICA";"2021-II";"2021"
"2021-08-01";"1009";"CONTADURÍA PÚBLICA";"2021-II";"2021"
"2021-08-01";"416";"COMERCIO INTERNACIONAL";"2021-II";"2021"
"2021-08-01";"28";"CIENCIAS POLITICAS";"2021-II";"2021"
"2021-08-01";"33";"INGENIERÍA ELECTRICA";"2021-II";"2021"
"2021-08-01";"72";"INGENIERÍA EN PRODUCCIÓN EMPRESARIAL";"2021-II";"2021"
"2021-08-01";"24";"ENFERMERÍA";"2021-II";"2021"
"2021-08-01";"34";"MEDICINA";"2021-II";"2021"
"2021-09-01";"33";"SOCIOLOGÍA";"2021-II";"2021"
"2021-09-01";"34";"INGENIERÍA AMBIENTAL";"2021-II";"2021"
"2021-09-01";"104";"PSICOMOTRICIDAD Y DEPORTES";"2021-II";"2021"
"2021-09-01";"20";"NUTRICIÓN Y DIETÉTICA";"2021-II";"2021"
"2021-09-01";"274";"LINGÜÍSTICA E IDIOMAS";"2021-II";"2021"
"2021-10-01";"30";"HISTORIA";"2021-II";"2021"
"2021-10-01";"321";"ECONOMÍA";"2021-II";"2021"
"2021-10-01";"126";"CIENCIAS DE LA COMUNICACIÓN SOCIAL";"2021-II";"2021"
"2021-10-01";"69";"GESTIÓN TURÍSTICA Y HOTELERA";"2021-II";"2021"
"2021-10-01";"156";"INGENIERÍA AGRONÓMICA";"2021-II";"2021"
"2021-10-01";"265";"ARQUITECTURA";"2021-II";"2021"
"2021-10-01";"83";"ARTES PLÁSTICAS";"2021-II";"2021"
"2021-10-01";"21";"INGENIERÍA TEXTIL";"2021-II";"2021"
"2021-10-01";"203";"MEDICINA VETERINARIA Y ZOOTECNIA";"2021-II";"2021"
"2021-10-01";"142";"INGENIERÍA CIVIL";"2021-II";"2021"
"2021-10-01";"394";"EDUCACIÓN PARVULARIA";"2021-II";"2021"
"2021-10-01";"80";"INGENIERÍA ELECTRÓNICA";"2021-II";"2021"
"2021-10-01";"32";"CIENCIAS FÍSICAS  Y ENERGÍAS ALTERNATIVAS";"2021-II";"2021"
"2021-11-01";"900";"CIENCIAS DE LA EDUCACIÓN";"2021-II";"2021"
"2021-11-01";"116";"CIENCIAS DEL DESARROLLO";"2021-II";"2021"
"2021-11-01";"220";"ADMINISTRACIÓN DE EMPRESAS";"2021-II";"2021"
"2021-11-01";"404";"INGENIERÍA DE SISTEMAS";"2021-II";"2021"
"2021-12-01";"169";"PSICOLOGÍA";"2021-II";"2021"
"2021-12-01";"116";"TRABAJO SOCIAL";"2021-II";"2021"
"2021-12-01";"6";"TECNOLOGÍA EN LABORATORIO DENTAL";"2021-II";"2021"
"2022-01-01";"1474";"LINGÜÍSTICA E IDIOMAS";"2022-I";"2022"
"2022-01-01";"1866";"ODONTOLOGÍA";"2022-I";"2022"
"2022-01-01";"3163";"ADMINISTRACIÓN DE EMPRESAS";"2022-I";"2022"
"2022-01-01";"1369";"TRABAJO SOCIAL";"2022-I";"2022"
"2022-01-01";"2328";"ENFERMERÍA";"2022-I";"2022"
"2022-01-01";"1779";"MEDICINA";"2022-I";"2022"
"2022-01-01";"574";"INGENIERÍA AUTOTRÓNICA";"2022-I";"2022"
"2022-01-01";"5253";"CONTADURÍA PÚBLICA";"2022-I";"2022"
"2022-02-01";"315";"TECNOLOGÍA EN LABORATORIO DENTAL";"2022-I";"2022"
"2022-02-01";"622";"CIENCIAS POLITICAS";"2022-I";"2022"
"2022-02-01";"1946";"CIENCIAS DE LA COMUNICACIÓN SOCIAL";"2022-I";"2022"
"2022-02-01";"5946";"CIENCIAS DE LA EDUCACIÓN";"2022-I";"2022"
"2022-02-01";"1786";"ARQUITECTURA";"2022-I";"2022"
"2022-02-01";"516";"INGENIERÍA EN ZOOTECNIA E INDUSTRIA PECUARIA";"2022-I";"2022"
"2022-02-01";"628";"PSICOMOTRICIDAD Y DEPORTES";"2022-I";"2022"
"2022-02-01";"1309";"PSICOLOGÍA";"2022-I";"2022"
"2022-02-01";"370";"ARTES PLÁSTICAS";"2022-I";"2022"
"2022-02-01";"151";"CIENCIAS FÍSICAS  Y ENERGÍAS ALTERNATIVAS";"2022-I";"2022"
"2022-02-01";"3224";"INGENIERÍA DE SISTEMAS";"2022-I";"2022"
"2022-02-01";"725";"INGENIERÍA ELECTRÓNICA";"2022-I";"2022"
"2022-02-01";"840";"INGENIERÍA DE GAS Y PETROQUÍMICA";"2022-I";"2022"
"2022-02-01";"831";"NUTRICIÓN Y DIETÉTICA";"2022-I";"2022"
"2022-02-01";"125";"INGENIERÍA TEXTIL";"2022-I";"2022"
"2022-02-01";"285";"INGENIERÍA AMBIENTAL";"2022-I";"2022"
"2022-03-01";"585";"CIENCIAS DEL DESARROLLO";"2022-I";"2022"
"2022-03-01";"1351";"INGENIERÍA CIVIL";"2022-I";"2022"
"2022-03-01";"575";"INGENIERÍA EN PRODUCCIÓN EMPRESARIAL";"2022-I";"2022"
"2022-03-01";"341";"INGENIERÍA ELECTRICA";"2022-I";"2022"
"2022-03-01";"916";"INGENIERÍA AGRONÓMICA";"2022-I";"2022"
"2022-04-01";"2465";"COMERCIO INTERNACIONAL";"2022-I";"2022"
"2022-04-01";"3058";"EDUCACIÓN PARVULARIA";"2022-I";"2022"
"2022-05-01";"1417";"ECONOMÍA";"2022-I";"2022"
"2022-05-01";"363";"HISTORIA";"2022-I";"2022"
"2022-05-01";"960";"GESTIÓN TURÍSTICA Y HOTELERA";"2022-I";"2022"
"2022-05-01";"10747";"DERECHO";"2022-I";"2022"
"2022-06-01";"448";"SOCIOLOGÍA";"2022-I";"2022"
"2022-07-01";"1194";"MEDICINA VETERINARIA Y ZOOTECNIA";"2022-I";"2022"
"2022-08-01";"18";"INGENIERÍA TEXTIL";"2022-II";"2022"
"2022-08-01";"22";"MEDICINA";"2022-II";"2022"
"2022-08-01";"15";"CIENCIAS FÍSICAS  Y ENERGÍAS ALTERNATIVAS";"2022-II";"2022"
"2022-08-01";"79";"GESTIÓN TURÍSTICA Y HOTELERA";"2022-II";"2022"
"2022-09-01";"193";"PSICOLOGÍA";"2022-II";"2022"
"2022-09-01";"111";"CIENCIAS DE LA COMUNICACIÓN SOCIAL";"2022-II";"2022"
"2022-09-01";"202";"ARQUITECTURA";"2022-II";"2022"
"2022-09-01";"11";"TECNOLOGÍA EN LABORATORIO DENTAL";"2022-II";"2022"
"2022-09-01";"29";"INGENIERÍA ELECTRICA";"2022-II";"2022"
"2022-09-01";"21";"ENFERMERÍA";"2022-II";"2022"
"2022-09-01";"49";"INGENIERÍA AUTOTRÓNICA";"2022-II";"2022"
"2022-09-01";"28";"CIENCIAS POLITICAS";"2022-II";"2022"
"2022-09-01";"24";"ODONTOLOGÍA";"2022-II";"2022"
"2022-09-01";"114";"CIENCIAS DEL DESARROLLO";"2022-II";"2022"
"2022-10-01";"405";"COMERCIO INTERNACIONAL";"2022-II";"2022"
"2022-10-01";"1146";"DERECHO";"2022-II";"2022"
"2022-10-01";"139";"INGENIERÍA AGRONÓMICA";"2022-II";"2022"
"2022-10-01";"188";"MEDICINA VETERINARIA Y ZOOTECNIA";"2022-II";"2022"
"2022-10-01";"18";"NUTRICIÓN Y DIETÉTICA";"2022-II";"2022"
"2022-10-01";"34";"INGENIERÍA AMBIENTAL";"2022-II";"2022"
"2022-10-01";"71";"INGENIERÍA EN PRODUCCIÓN EMPRESARIAL";"2022-II";"2022"
"2022-10-01";"211";"ADMINISTRACIÓN DE EMPRESAS";"2022-II";"2022"
"2022-10-01";"68";"ARTES PLÁSTICAS";"2022-II";"2022"
"2022-10-01";"112";"TRABAJO SOCIAL";"2022-II";"2022"
"2022-10-01";"136";"INGENIERÍA CIVIL";"2022-II";"2022"
"2022-10-01";"618";"EDUCACIÓN PARVULARIA";"2022-II";"2022"
"2022-10-01";"322";"INGENIERÍA DE SISTEMAS";"2022-II";"2022"
"2022-10-01";"51";"INGENIERÍA ELECTRÓNICA";"2022-II";"2022"
"2022-10-01";"72";"INGENIERÍA DE GAS Y PETROQUÍMICA";"2022-II";"2022"
"2022-10-01";"446";"CONTADURÍA PÚBLICA";"2022-II";"2022"
"2022-10-01";"104";"INGENIERÍA EN ZOOTECNIA E INDUSTRIA PECUARIA";"2022-II";"2022"
"2022-10-01";"25";"HISTORIA";"2022-II";"2022"
"2022-10-01";"40";"SOCIOLOGÍA";"2022-II";"2022"
"2022-10-01";"114";"ECONOMÍA";"2022-II";"2022"
"2022-10-01";"47";"PSICOMOTRICIDAD Y DEPORTES";"2022-II";"2022"
"2022-10-01";"244";"LINGÜÍSTICA E IDIOMAS";"2022-II";"2022"
"2022-10-01";"849";"CIENCIAS DE LA EDUCACIÓN";"2022-II";"2022"
"2023-01-01";"1327";"TRABAJO SOCIAL";"2023-I";"2023"
"2023-01-01";"727";"PSICOMOTRICIDAD Y DEPORTES";"2023-I";"2023"
"2023-01-01";"1454";"PSICOLOGÍA";"2023-I";"2023"
"2023-01-01";"147";"CIENCIAS FÍSICAS  Y ENERGÍAS ALTERNATIVAS";"2023-I";"2023"
"2023-01-01";"2087";"MEDICINA";"2023-I";"2023"
"2023-01-01";"540";"INGENIERÍA AUTOTRÓNICA";"2023-I";"2023"
"2023-01-01";"1043";"INGENIERÍA AGRONÓMICA";"2023-I";"2023"
"2023-01-01";"152";"INGENIERÍA TEXTIL";"2023-I";"2023"
"2023-01-01";"431";"TECNOLOGÍA EN LABORATORIO DENTAL";"2023-I";"2023"
"2023-01-01";"6132";"CIENCIAS DE LA EDUCACIÓN";"2023-I";"2023"
"2023-01-01";"1840";"ODONTOLOGÍA";"2023-I";"2023"
"2023-01-01";"701";"INGENIERÍA EN ZOOTECNIA E INDUSTRIA PECUARIA";"2023-I";"2023"
"2023-01-01";"3230";"ADMINISTRACIÓN DE EMPRESAS";"2023-I";"2023"
"2023-02-01";"315";"INGENIERÍA ELECTRICA";"2023-I";"2023"
"2023-02-01";"416";"ARTES PLÁSTICAS";"2023-I";"2023"
"2023-02-01";"3419";"EDUCACIÓN PARVULARIA";"2023-I";"2023"
"2023-02-01";"3653";"INGENIERÍA DE SISTEMAS";"2023-I";"2023"
"2023-02-01";"693";"INGENIERÍA ELECTRÓNICA";"2023-I";"2023"
"2023-02-01";"5620";"CONTADURÍA PÚBLICA";"2023-I";"2023"
"2023-02-01";"807";"NUTRICIÓN Y DIETÉTICA";"2023-I";"2023"
"2023-02-01";"2710";"COMERCIO INTERNACIONAL";"2023-I";"2023"
"2023-02-01";"298";"INGENIERÍA AMBIENTAL";"2023-I";"2023"
"2023-02-01";"607";"INGENIERÍA EN PRODUCCIÓN EMPRESARIAL";"2023-I";"2023"
"2023-02-01";"1798";"ARQUITECTURA";"2023-I";"2023"
"2023-02-01";"10823";"DERECHO";"2023-I";"2023"
"2023-03-01";"1008";"INGENIERÍA DE GAS Y PETROQUÍMICA";"2023-I";"2023"
"2023-03-01";"1728";"LINGÜÍSTICA E IDIOMAS";"2023-I";"2023"
"2023-03-01";"1574";"ECONOMÍA";"2023-I";"2023"
"2023-03-01";"1526";"INGENIERÍA CIVIL";"2023-I";"2023"
"2023-03-01";"2028";"CIENCIAS DE LA COMUNICACIÓN SOCIAL";"2023-I";"2023"
"2023-03-01";"1441";"MEDICINA VETERINARIA Y ZOOTECNIA";"2023-I";"2023"
"2023-03-01";"408";"HISTORIA";"2023-I";"2023"
"2023-04-01";"509";"SOCIOLOGÍA";"2023-I";"2023"
"2023-04-01";"967";"GESTIÓN TURÍSTICA Y HOTELERA";"2023-I";"2023"
"2023-04-01";"2581";"ENFERMERÍA";"2023-I";"2023"
"2023-05-01";"583";"CIENCIAS DEL DESARROLLO";"2023-I";"2023"
"2023-07-01";"597";"CIENCIAS POLITICAS";"2023-I";"2023"
"2023-08-01";"102";"ARQUITECTURA";"2023-II";"2023"
"2023-08-01";"28";"INGENIERÍA AUTOTRÓNICA";"2023-II";"2023"
"2023-08-01";"18";"SOCIOLOGÍA";"2023-II";"2023"
"2023-08-01";"153";"CONTADURÍA PÚBLICA";"2023-II";"2023"
"2023-08-01";"67";"INGENIERÍA CIVIL";"2023-II";"2023"
"2023-08-01";"8";"CIENCIAS FÍSICAS  Y ENERGÍAS ALTERNATIVAS";"2023-II";"2023"
"2023-08-01";"11";"ODONTOLOGÍA";"2023-II";"2023"
"2023-08-01";"44";"ARTES PLÁSTICAS";"2023-II";"2023"
"2023-08-01";"10";"INGENIERÍA AMBIENTAL";"2023-II";"2023"
"2023-08-01";"83";"PSICOMOTRICIDAD Y DEPORTES";"2023-II";"2023"
"2023-08-01";"26";"INGENIERÍA ELECTRICA";"2023-II";"2023"
"2023-09-01";"26";"PSICOLOGÍA";"2023-II";"2023"
"2023-09-01";"22";"GESTIÓN TURÍSTICA Y HOTELERA";"2023-II";"2023"
"2023-09-01";"38";"ECONOMÍA";"2023-II";"2023"
"2023-09-01";"37";"INGENIERÍA ELECTRÓNICA";"2023-II";"2023"
"2023-09-01";"401";"COMERCIO INTERNACIONAL";"2023-II";"2023"
"2023-09-01";"55";"INGENIERÍA AGRONÓMICA";"2023-II";"2023"
"2023-09-01";"53";"LINGÜÍSTICA E IDIOMAS";"2023-II";"2023"
"2023-09-01";"15";"MEDICINA";"2023-II";"2023"
"2023-10-01";"5";"NUTRICIÓN Y DIETÉTICA";"2023-II";"2023"
"2023-10-01";"54";"MEDICINA VETERINARIA Y ZOOTECNIA";"2023-II";"2023"
"2023-10-01";"17";"INGENIERÍA TEXTIL";"2023-II";"2023"
"2023-10-01";"77";"CIENCIAS DEL DESARROLLO";"2023-II";"2023"
"2023-10-01";"7";"HISTORIA";"2023-II";"2023"
"2023-10-01";"363";"EDUCACIÓN PARVULARIA";"2023-II";"2023"
"2023-10-01";"4";"TECNOLOGÍA EN LABORATORIO DENTAL";"2023-II";"2023"
"2023-10-01";"42";"INGENIERÍA EN PRODUCCIÓN EMPRESARIAL";"2023-II";"2023"
"2023-10-01";"69";"CIENCIAS DE LA COMUNICACIÓN SOCIAL";"2023-II";"2023"
"2023-10-01";"15";"ENFERMERÍA";"2023-II";"2023"
"2023-10-01";"402";"CIENCIAS DE LA EDUCACIÓN";"2023-II";"2023"
"2023-10-01";"27";"INGENIERÍA EN ZOOTECNIA E INDUSTRIA PECUARIA";"2023-II";"2023"
"2023-10-01";"65";"TRABAJO SOCIAL";"2023-II";"2023"
"2023-10-01";"40";"INGENIERÍA DE SISTEMAS";"2023-II";"2023"
"2023-11-01";"26";"INGENIERÍA DE GAS Y PETROQUÍMICA";"2023-II";"2023"
"2023-11-01";"88";"ADMINISTRACIÓN DE EMPRESAS";"2023-II";"2023"
"2023-12-01";"992";"DERECHO";"2023-II";"2023"
"2023-12-01";"13";"CIENCIAS POLITICAS";"2023-II";"2023"
"2024-01-01";"5611";"CIENCIAS DE LA EDUCACIÓN";"2024-I";"2024"
"2024-01-01";"144";"CIENCIAS FÍSICAS  Y ENERGÍAS ALTERNATIVAS";"2024-I";"2024"
"2024-01-01";"2237";"MEDICINA";"2024-I";"2024"
"2024-01-01";"3663";"INGENIERÍA DE SISTEMAS";"2024-I";"2024"
"2024-01-01";"510";"INGENIERÍA AUTOTRÓNICA";"2024-I";"2024"
"2024-01-01";"5293";"CONTADURÍA PÚBLICA";"2024-I";"2024"
"2024-01-01";"939";"INGENIERÍA DE GAS Y PETROQUÍMICA";"2024-I";"2024"
"2024-01-01";"202";"INGENIERÍA TEXTIL";"2024-I";"2024"
"2024-02-01";"522";"TECNOLOGÍA EN LABORATORIO DENTAL";"2024-I";"2024"
"2024-02-01";"1264";"ECONOMÍA";"2024-I";"2024"
"2024-02-01";"1543";"INGENIERÍA CIVIL";"2024-I";"2024"
"2024-02-01";"487";"CIENCIAS DEL DESARROLLO";"2024-I";"2024"
"2024-02-01";"590";"CIENCIAS POLITICAS";"2024-I";"2024"
"2024-02-01";"403";"HISTORIA";"2024-I";"2024"
"2024-02-01";"1781";"ODONTOLOGÍA";"2024-I";"2024"
"2024-02-01";"1202";"TRABAJO SOCIAL";"2024-I";"2024"
"2024-02-01";"302";"INGENIERÍA ELECTRICA";"2024-I";"2024"
"2024-02-01";"893";"PSICOMOTRICIDAD Y DEPORTES";"2024-I";"2024"
"2024-02-01";"1274";"PSICOLOGÍA";"2024-I";"2024"
"2024-02-01";"1937";"CIENCIAS DE LA COMUNICACIÓN SOCIAL";"2024-I";"2024"
"2024-02-01";"700";"INGENIERÍA ELECTRÓNICA";"2024-I";"2024"
"2024-02-01";"818";"NUTRICIÓN Y DIETÉTICA";"2024-I";"2024"
"2024-02-01";"1334";"MEDICINA VETERINARIA Y ZOOTECNIA";"2024-I";"2024"
"2024-02-01";"283";"INGENIERÍA AMBIENTAL";"2024-I";"2024"
"2024-03-01";"2753";"ENFERMERÍA";"2024-I";"2024"
"2024-03-01";"574";"INGENIERÍA EN PRODUCCIÓN EMPRESARIAL";"2024-I";"2024"
"2024-03-01";"2938";"ADMINISTRACIÓN DE EMPRESAS";"2024-I";"2024"
"2024-03-01";"9760";"DERECHO";"2024-I";"2024"
"2024-03-01";"399";"ARTES PLÁSTICAS";"2024-I";"2024"
"2024-04-01";"1510";"LINGÜÍSTICA E IDIOMAS";"2024-I";"2024"
"2024-05-01";"1719";"ARQUITECTURA";"2024-I";"2024"
"2024-05-01";"626";"INGENIERÍA EN ZOOTECNIA E INDUSTRIA PECUARIA";"2024-I";"2024"
"2024-06-01";"910";"GESTIÓN TURÍSTICA Y HOTELERA";"2024-I";"2024"
"2024-06-01";"992";"INGENIERÍA AGRONÓMICA";"2024-I";"2024"
"2024-06-01";"462";"SOCIOLOGÍA";"2024-I";"2024"
"2024-07-01";"3282";"EDUCACIÓN PARVULARIA";"2024-I";"2024"
"2024-07-01";"2894";"COMERCIO INTERNACIONAL";"2024-I";"2024"
"2024-08-01";"1978";"DERECHO";"2024-II";"2024"
"2024-08-01";"38";"INGENIERÍA AMBIENTAL";"2024-II";"2024"
"2024-08-01";"99";"TRABAJO SOCIAL";"2024-II";"2024"
"2024-08-01";"80";"INGENIERÍA EN ZOOTECNIA E INDUSTRIA PECUARIA";"2024-II";"2024"
"2024-08-01";"14";"CIENCIAS FÍSICAS  Y ENERGÍAS ALTERNATIVAS";"2024-II";"2024"
"2024-08-01";"27";"MEDICINA";"2024-II";"2024"
"2024-08-01";"75";"INGENIERÍA EN PRODUCCIÓN EMPRESARIAL";"2024-II";"2024"
"2024-08-01";"150";"INGENIERÍA AGRONÓMICA";"2024-II";"2024"
"2024-09-01";"116";"CIENCIAS DEL DESARROLLO";"2024-II";"2024"
"2024-09-01";"75";"INGENIERÍA ELECTRÓNICA";"2024-II";"2024"
"2024-09-01";"77";"INGENIERÍA CIVIL";"2024-II";"2024"
"2024-09-01";"178";"MEDICINA VETERINARIA Y ZOOTECNIA";"2024-II";"2024"
"2024-09-01";"62";"INGENIERÍA AUTOTRÓNICA";"2024-II";"2024"
"2024-09-01";"231";"PSICOLOGÍA";"2024-II";"2024"
"2024-09-01";"199";"INGENIERÍA DE SISTEMAS";"2024-II";"2024"
"2024-09-01";"22";"ODONTOLOGÍA";"2024-II";"2024"
"2024-09-01";"14";"TECNOLOGÍA EN LABORATORIO DENTAL";"2024-II";"2024"
"2024-09-01";"226";"ADMINISTRACIÓN DE EMPRESAS";"2024-II";"2024"
"2024-10-01";"338";"CONTADURÍA PÚBLICA";"2024-II";"2024"
"2024-10-01";"19";"NUTRICIÓN Y DIETÉTICA";"2024-II";"2024"
"2024-10-01";"138";"CIENCIAS DE LA COMUNICACIÓN SOCIAL";"2024-II";"2024"
"2024-10-01";"112";"PSICOMOTRICIDAD Y DEPORTES";"2024-II";"2024"
"2024-10-01";"40";"SOCIOLOGÍA";"2024-II";"2024"
"2024-10-01";"57";"ARTES PLÁSTICAS";"2024-II";"2024"
"2024-10-01";"709";"CIENCIAS DE LA EDUCACIÓN";"2024-II";"2024"
"2024-10-01";"40";"INGENIERÍA TEXTIL";"2024-II";"2024"
"2024-10-01";"67";"GESTIÓN TURÍSTICA Y HOTELERA";"2024-II";"2024"
"2024-10-01";"146";"ECONOMÍA";"2024-II";"2024"
"2024-10-01";"147";"ARQUITECTURA";"2024-II";"2024"
"2024-10-01";"32";"HISTORIA";"2024-II";"2024"
"2024-10-01";"481";"EDUCACIÓN PARVULARIA";"2024-II";"2024"
"2024-10-01";"41";"INGENIERÍA ELECTRICA";"2024-II";"2024"
"2024-10-01";"25";"ENFERMERÍA";"2024-II";"2024"
"2024-10-01";"177";"LINGÜÍSTICA E IDIOMAS";"2024-II";"2024"
"2024-10-01";"436";"COMERCIO INTERNACIONAL";"2024-II";"2024"
"2024-11-01";"45";"INGENIERÍA DE GAS Y PETROQUÍMICA";"2024-II";"2024"
"2024-11-01";"16";"CIENCIAS POLITICAS";"2024-II";"2024"
"2025-01-01";"1139";"TRABAJO SOCIAL";"2025-I";"2025"
"2025-01-01";"1314";"PSICOLOGÍA";"2025-I";"2025"
"2025-01-01";"522";"CIENCIAS DEL DESARROLLO";"2025-I";"2025"
"2025-01-01";"5246";"CONTADURÍA PÚBLICA";"2025-I";"2025"
"2025-01-01";"336";"INGENIERÍA AMBIENTAL";"2025-I";"2025"
"2025-01-01";"1520";"LINGÜÍSTICA E IDIOMAS";"2025-I";"2025"
"2025-01-01";"2951";"ENFERMERÍA";"2025-I";"2025"
"2025-01-01";"598";"CIENCIAS POLITICAS";"2025-I";"2025"
"2025-01-01";"1823";"ODONTOLOGÍA";"2025-I";"2025"
"2025-02-01";"11595";"DERECHO";"2025-I";"2025"
"2025-02-01";"595";"INGENIERÍA EN PRODUCCIÓN EMPRESARIAL";"2025-I";"2025"
"2025-02-01";"1154";"PSICOMOTRICIDAD Y DEPORTES";"2025-I";"2025"
"2025-02-01";"156";"CIENCIAS FÍSICAS  Y ENERGÍAS ALTERNATIVAS";"2025-I";"2025"
"2025-02-01";"2427";"MEDICINA";"2025-I";"2025"
"2025-02-01";"778";"INGENIERÍA ELECTRÓNICA";"2025-I";"2025"
"2025-02-01";"3802";"INGENIERÍA DE SISTEMAS";"2025-I";"2025"
"2025-02-01";"2792";"ADMINISTRACIÓN DE EMPRESAS";"2025-I";"2025"
"2025-02-01";"624";"INGENIERÍA AUTOTRÓNICA";"2025-I";"2025"
"2025-02-01";"404";"ARTES PLÁSTICAS";"2025-I";"2025"
"2025-02-01";"867";"NUTRICIÓN Y DIETÉTICA";"2025-I";"2025"
"2025-02-01";"884";"GESTIÓN TURÍSTICA Y HOTELERA";"2025-I";"2025"
"2025-02-01";"614";"TECNOLOGÍA EN LABORATORIO DENTAL";"2025-I";"2025"
"2025-02-01";"3202";"EDUCACIÓN PARVULARIA";"2025-I";"2025"
"2025-02-01";"5691";"CIENCIAS DE LA EDUCACIÓN";"2025-I";"2025"
"2025-02-01";"1680";"ARQUITECTURA";"2025-I";"2025"
"2025-02-01";"417";"HISTORIA";"2025-I";"2025"
"2025-03-01";"386";"INGENIERÍA ELECTRICA";"2025-I";"2025"
"2025-03-01";"438";"SOCIOLOGÍA";"2025-I";"2025"
"2025-03-01";"273";"INGENIERÍA TEXTIL";"2025-I";"2025"
"2025-03-01";"1144";"ECONOMÍA";"2025-I";"2025"
"2025-04-01";"3267";"COMERCIO INTERNACIONAL";"2025-I";"2025"
"2025-04-01";"692";"INGENIERÍA EN ZOOTECNIA E INDUSTRIA PECUARIA";"2025-I";"2025"
"2025-05-01";"920";"INGENIERÍA DE GAS Y PETROQUÍMICA";"2025-I";"2025"
"2025-05-01";"1422";"INGENIERÍA CIVIL";"2025-I";"2025"
"2025-06-01";"1813";"CIENCIAS DE LA COMUNICACIÓN SOCIAL";"2025-I";"2025"
"2025-07-01";"1330";"MEDICINA VETERINARIA Y ZOOTECNIA";"2025-I";"2025"
"2025-07-01";"947";"INGENIERÍA AGRONÓMICA";"2025-I";"2025"
"2025-08-01";"118";"INGENIERÍA ELECTRICA";"2025-II";"2025"
"2025-08-01";"14";"CIENCIAS FÍSICAS  Y ENERGÍAS ALTERNATIVAS";"2025-II";"2025"
"2025-08-01";"220";"CONTADURÍA PÚBLICA";"2025-II";"2025"
"2025-08-01";"6";"INGENIERÍA TEXTIL";"2025-II";"2025"
"2025-08-01";"461";"EDUCACIÓN PARVULARIA";"2025-II";"2025"
"2025-08-01";"1238";"DERECHO";"2025-II";"2025"
"2025-09-01";"60";"INGENIERÍA DE GAS Y PETROQUÍMICA";"2025-II";"2025"
"2025-09-01";"18";"TECNOLOGÍA EN LABORATORIO DENTAL";"2025-II";"2025"
"2025-09-01";"123";"TRABAJO SOCIAL";"2025-II";"2025"
"2025-09-01";"126";"INGENIERÍA ELECTRÓNICA";"2025-II";"2025"
"2025-09-01";"640";"CIENCIAS DE LA EDUCACIÓN";"2025-II";"2025"
"2025-10-01";"62";"INGENIERÍA AUTOTRÓNICA";"2025-II";"2025"
"2025-10-01";"29";"MEDICINA";"2025-II";"2025"
"2025-10-01";"114";"GESTIÓN TURÍSTICA Y HOTELERA";"2025-II";"2025"
"2025-10-01";"197";"ECONOMÍA";"2025-II";"2025"
"2025-10-01";"47";"INGENIERÍA EN ZOOTECNIA E INDUSTRIA PECUARIA";"2025-II";"2025"
"2025-10-01";"19";"ODONTOLOGÍA";"2025-II";"2025"
"2025-10-01";"19";"ARTES PLÁSTICAS";"2025-II";"2025"
"2025-10-01";"43";"HISTORIA";"2025-II";"2025"
"2025-10-01";"17";"ENFERMERÍA";"2025-II";"2025"
"2025-10-01";"162";"LINGÜÍSTICA E IDIOMAS";"2025-II";"2025"
"2025-10-01";"219";"ADMINISTRACIÓN DE EMPRESAS";"2025-II";"2025"
"2025-10-01";"125";"INGENIERÍA AGRONÓMICA";"2025-II";"2025"
"2025-10-01";"201";"COMERCIO INTERNACIONAL";"2025-II";"2025"
"2025-10-01";"124";"CIENCIAS DEL DESARROLLO";"2025-II";"2025"
"2025-10-01";"3";"INGENIERÍA AMBIENTAL";"2025-II";"2025"
"2025-10-01";"125";"CIENCIAS DE LA COMUNICACIÓN SOCIAL";"2025-II";"2025"
"2025-10-01";"115";"INGENIERÍA CIVIL";"2025-II";"2025"
"2025-10-01";"180";"MEDICINA VETERINARIA Y ZOOTECNIA";"2025-II";"2025"
"2025-10-01";"91";"INGENIERÍA EN PRODUCCIÓN EMPRESARIAL";"2025-II";"2025"
"2025-11-01";"33";"SOCIOLOGÍA";"2025-II";"2025"
"2025-11-01";"104";"ARQUITECTURA";"2025-II";"2025"
"2025-11-01";"126";"PSICOMOTRICIDAD Y DEPORTES";"2025-II";"2025"
"2025-11-01";"254";"PSICOLOGÍA";"2025-II";"2025"
"2025-12-01";"260";"INGENIERÍA DE SISTEMAS";"2025-II";"2025"
"2025-12-01";"13";"CIENCIAS POLITICAS";"2025-II";"2025"
"2025-12-01";"14";"NUTRICIÓN Y DIETÉTICA";"2025-II";"2025"
"2026-01-01";"517";"TECNOLOGÍA EN LABORATORIO DENTAL";"2026-I";"2026"
"2026-01-01";"2973";"COMERCIO INTERNACIONAL";"2026-I";"2026"
"2026-01-01";"389";"HISTORIA";"2026-I";"2026"
"2026-01-01";"1840";"ODONTOLOGÍA";"2026-I";"2026"
"2026-01-01";"1432";"LINGÜÍSTICA E IDIOMAS";"2026-I";"2026"
"2026-01-01";"147";"CIENCIAS FÍSICAS  Y ENERGÍAS ALTERNATIVAS";"2026-I";"2026"
"2026-01-01";"2667";"ADMINISTRACIÓN DE EMPRESAS";"2026-I";"2026"
"2026-02-01";"1343";"MEDICINA VETERINARIA Y ZOOTECNIA";"2026-I";"2026"
"2026-02-01";"419";"INGENIERÍA AMBIENTAL";"2026-I";"2026"
"2026-02-01";"657";"INGENIERÍA EN ZOOTECNIA E INDUSTRIA PECUARIA";"2026-I";"2026"
"2026-02-01";"893";"GESTIÓN TURÍSTICA Y HOTELERA";"2026-I";"2026"
"2026-02-01";"1154";"ECONOMÍA";"2026-I";"2026"
"2026-02-01";"2951";"ENFERMERÍA";"2026-I";"2026"
"2026-02-01";"563";"CIENCIAS POLITICAS";"2026-I";"2026"
"2026-02-01";"1301";"INGENIERÍA CIVIL";"2026-I";"2026"
"2026-02-01";"2677";"EDUCACIÓN PARVULARIA";"2026-I";"2026"
"2026-02-01";"1458";"ARQUITECTURA";"2026-I";"2026"
"2026-02-01";"509";"INGENIERÍA ELECTRICA";"2026-I";"2026"
"2026-02-01";"1135";"PSICOMOTRICIDAD Y DEPORTES";"2026-I";"2026"
"2026-02-01";"449";"CIENCIAS DEL DESARROLLO";"2026-I";"2026"
"2026-02-01";"1481";"PSICOLOGÍA";"2026-I";"2026"
"2026-02-01";"2344";"MEDICINA";"2026-I";"2026"
"2026-02-01";"803";"INGENIERÍA ELECTRÓNICA";"2026-I";"2026"
"2026-02-01";"446";"SOCIOLOGÍA";"2026-I";"2026"
"2026-02-01";"3656";"INGENIERÍA DE SISTEMAS";"2026-I";"2026"
"2026-02-01";"392";"ARTES PLÁSTICAS";"2026-I";"2026"
"2026-02-01";"4819";"CONTADURÍA PÚBLICA";"2026-I";"2026"
"2026-02-01";"778";"INGENIERÍA DE GAS Y PETROQUÍMICA";"2026-I";"2026"
"2026-02-01";"837";"NUTRICIÓN Y DIETÉTICA";"2026-I";"2026"
"2026-03-01";"343";"INGENIERÍA TEXTIL";"2026-I";"2026"
"2026-03-01";"892";"INGENIERÍA AGRONÓMICA";"2026-I";"2026"
"2026-03-01";"9772";"DERECHO";"2026-I";"2026"
"2026-03-01";"1012";"TRABAJO SOCIAL";"2026-I";"2026"
"2026-04-01";"5320";"CIENCIAS DE LA EDUCACIÓN";"2026-I";"2026"
"2026-04-01";"1515";"CIENCIAS DE LA COMUNICACIÓN SOCIAL";"2026-I";"2026"
"2026-04-01";"705";"INGENIERÍA AUTOTRÓNICA";"2026-I";"2026"
"2026-05-01";"578";"INGENIERÍA EN PRODUCCIÓN EMPRESARIAL";"2026-I";"2026"
