"fecha";"matricula_carrera";"carrera_academica";"periodo";"año_y";"porcentaje"
NULL;"279";"ADMINISTRACIÓN DE EMPRESAS";NULL;NULL;NULL
NULL;"224";"ARQUITECTURA";NULL;NULL;NULL
NULL;"230";"ODONTOLOGÍA";NULL;NULL;NULL
NULL;"1111";"DERECHO";NULL;NULL;NULL
NULL;"322";"ECONOMÍA";NULL;NULL;NULL
NULL;"284";"MEDICINA VETERINARIA Y ZOOTECNIA";NULL;NULL;NULL
NULL;"54";"CONTADURÍA PÚBLICA";NULL;NULL;NULL
NULL;"611";"INGENIERÍA DE SISTEMAS";NULL;NULL;NULL
NULL;"600";"MEDICINA";NULL;NULL;NULL
NULL;"2";"TRABAJO SOCIAL";NULL;NULL;NULL
NULL;"14";"CIENCIAS DE LA COMUNICACIÓN SOCIAL";NULL;NULL;NULL
NULL;"1478";"CIENCIAS DE LA EDUCACIÓN";NULL;NULL;NULL
NULL;"499";"ENFERMERÍA";NULL;NULL;NULL
NULL;"279";"CIENCIAS DEL DESARROLLO";NULL;NULL;NULL
NULL;"245";"INGENIERÍA AGRONÓMICA";NULL;NULL;NULL
NULL;"215";"INGENIERÍA CIVIL";NULL;NULL;NULL
NULL;"205";"INGENIERÍA ELECTRÓNICA";NULL;NULL;NULL
NULL;"222";"LINGÜÍSTICA E IDIOMAS";NULL;NULL;NULL
"1014-01-01";"1";"MEDICINA VETERINARIA Y ZOOTECNIA";"1014-I";"1014";"100.00"
"1900-01-01";"1";"INGENIERÍA DE SISTEMAS";"1900-I";"1900";"100.00"
"2000-05-01";"1";"ODONTOLOGÍA";"2000-I";"2000";"14.29"
"2000-12-01";"4";"CIENCIAS DE LA EDUCACIÓN";"2000-II";"2000";"57.14"
"2000-12-01";"1";"DERECHO";"2000-II";"2000";"14.29"
"2000-12-01";"1";"MEDICINA";"2000-II";"2000";"14.29"
"2001-01-01";"2";"ENFERMERÍA";"2001-I";"2001";"1.82"
"2001-01-01";"1";"CONTADURÍA PÚBLICA";"2001-I";"2001";"0.91"
"2001-01-01";"1";"INGENIERÍA ELECTRÓNICA";"2001-I";"2001";"0.91"
"2001-01-01";"1";"CIENCIAS DE LA COMUNICACIÓN SOCIAL";"2001-I";"2001";"0.91"
"2001-01-01";"4";"LINGÜÍSTICA E IDIOMAS";"2001-I";"2001";"3.64"
"2001-02-01";"3";"MEDICINA VETERINARIA Y ZOOTECNIA";"2001-I";"2001";"2.73"
"2001-03-01";"42";"CIENCIAS DE LA EDUCACIÓN";"2001-I";"2001";"38.18"
"2001-03-01";"4";"ECONOMÍA";"2001-I";"2001";"3.64"
"2001-03-01";"4";"ADMINISTRACIÓN DE EMPRESAS";"2001-I";"2001";"3.64"
"2001-03-01";"2";"ARQUITECTURA";"2001-I";"2001";"1.82"
"2001-03-01";"7";"INGENIERÍA DE SISTEMAS";"2001-I";"2001";"6.36"
"2001-03-01";"3";"ODONTOLOGÍA";"2001-I";"2001";"2.73"
"2001-03-01";"24";"DERECHO";"2001-I";"2001";"21.82"
"2001-04-01";"1";"CIENCIAS DEL DESARROLLO";"2001-I";"2001";"0.91"
"2001-05-01";"3";"INGENIERÍA CIVIL";"2001-I";"2001";"2.73"
"2001-07-01";"1";"MEDICINA";"2001-I";"2001";"0.91"
"2001-08-01";"1";"ENFERMERÍA";"2001-II";"2001";"0.91"
"2001-09-01";"3";"CIENCIAS DE LA EDUCACIÓN";"2001-II";"2001";"2.73"
"2001-10-01";"2";"DERECHO";"2001-II";"2001";"1.82"
"2001-12-01";"1";"ADMINISTRACIÓN DE EMPRESAS";"2001-II";"2001";"0.91"
"2002-01-01";"14";"INGENIERÍA DE SISTEMAS";"2002-I";"2002";"5.04"
"2002-02-01";"6";"MEDICINA";"2002-I";"2002";"2.16"
"2002-02-01";"81";"CIENCIAS DE LA EDUCACIÓN";"2002-I";"2002";"29.14"
"2002-02-01";"2";"ENFERMERÍA";"2002-I";"2002";"0.72"
"2002-02-01";"4";"INGENIERÍA CIVIL";"2002-I";"2002";"1.44"
"2002-02-01";"1";"CONTADURÍA PÚBLICA";"2002-I";"2002";"0.36"
"2002-03-01";"11";"ECONOMÍA";"2002-I";"2002";"3.96"
"2002-03-01";"5";"INGENIERÍA AGRONÓMICA";"2002-I";"2002";"1.80"
"2002-03-01";"28";"DERECHO";"2002-I";"2002";"10.07"
"2002-03-01";"7";"MEDICINA VETERINARIA Y ZOOTECNIA";"2002-I";"2002";"2.52"
"2002-03-01";"12";"ARQUITECTURA";"2002-I";"2002";"4.32"
"2002-03-01";"3";"CIENCIAS DEL DESARROLLO";"2002-I";"2002";"1.08"
"2002-03-01";"3";"INGENIERÍA ELECTRÓNICA";"2002-I";"2002";"1.08"
"2002-03-01";"5";"LINGÜÍSTICA E IDIOMAS";"2002-I";"2002";"1.80"
"2002-03-01";"1";"TRABAJO SOCIAL";"2002-I";"2002";"0.36"
"2002-04-01";"10";"ODONTOLOGÍA";"2002-I";"2002";"3.60"
"2002-05-01";"16";"ADMINISTRACIÓN DE EMPRESAS";"2002-I";"2002";"5.76"
"2002-08-01";"2";"INGENIERÍA CIVIL";"2002-II";"2002";"0.72"
"2002-09-01";"1";"TRABAJO SOCIAL";"2002-II";"2002";"0.36"
"2002-09-01";"1";"SOCIOLOGÍA";"2002-II";"2002";"0.36"
"2002-09-01";"1";"LINGÜÍSTICA E IDIOMAS";"2002-II";"2002";"0.36"
"2002-11-01";"5";"INGENIERÍA AGRONÓMICA";"2002-II";"2002";"1.80"
"2002-11-01";"3";"INGENIERÍA DE SISTEMAS";"2002-II";"2002";"1.08"
"2002-11-01";"22";"CIENCIAS DE LA EDUCACIÓN";"2002-II";"2002";"7.91"
"2002-11-01";"3";"ADMINISTRACIÓN DE EMPRESAS";"2002-II";"2002";"1.08"
"2002-11-01";"2";"MEDICINA VETERINARIA Y ZOOTECNIA";"2002-II";"2002";"0.72"
"2002-11-01";"5";"DERECHO";"2002-II";"2002";"1.80"
"2002-11-01";"4";"ENFERMERÍA";"2002-II";"2002";"1.44"
"2002-11-01";"12";"ODONTOLOGÍA";"2002-II";"2002";"4.32"
"2002-12-01";"1";"CIENCIAS DEL DESARROLLO";"2002-II";"2002";"0.36"
"2002-12-01";"3";"MEDICINA";"2002-II";"2002";"1.08"
"2002-12-01";"2";"ARQUITECTURA";"2002-II";"2002";"0.72"
"2002-12-01";"2";"ECONOMÍA";"2002-II";"2002";"0.72"
"2003-06-01";"106";"MEDICINA VETERINARIA Y ZOOTECNIA";"2003-I";"2003";"2.51"
"2003-06-01";"250";"ENFERMERÍA";"2003-I";"2003";"5.92"
"2003-06-01";"91";"MEDICINA";"2003-I";"2003";"2.16"
"2003-07-01";"34";"CIENCIAS DE LA COMUNICACIÓN SOCIAL";"2003-I";"2003";"0.81"
"2003-07-01";"689";"DERECHO";"2003-I";"2003";"16.32"
"2003-07-01";"48";"ECONOMÍA";"2003-I";"2003";"1.14"
"2003-07-01";"71";"CONTADURÍA PÚBLICA";"2003-I";"2003";"1.68"
"2003-07-01";"19";"ODONTOLOGÍA";"2003-I";"2003";"0.45"
"2003-07-01";"78";"TRABAJO SOCIAL";"2003-I";"2003";"1.85"
"2003-07-01";"64";"LINGÜÍSTICA E IDIOMAS";"2003-I";"2003";"1.52"
"2003-07-01";"54";"CIENCIAS DEL DESARROLLO";"2003-I";"2003";"1.28"
"2003-07-01";"84";"INGENIERÍA AGRONÓMICA";"2003-I";"2003";"1.99"
"2003-07-01";"75";"INGENIERÍA CIVIL";"2003-I";"2003";"1.78"
"2003-07-01";"37";"INGENIERÍA DE SISTEMAS";"2003-I";"2003";"0.88"
"2003-07-01";"40";"INGENIERÍA ELECTRÓNICA";"2003-I";"2003";"0.95"
"2003-07-01";"20";"SOCIOLOGÍA";"2003-I";"2003";"0.47"
"2003-07-01";"1102";"CIENCIAS DE LA EDUCACIÓN";"2003-I";"2003";"26.10"
"2003-07-01";"127";"ADMINISTRACIÓN DE EMPRESAS";"2003-I";"2003";"3.01"
"2003-07-01";"102";"ARQUITECTURA";"2003-I";"2003";"2.42"
"2003-08-01";"27";"LINGÜÍSTICA E IDIOMAS";"2003-II";"2003";"0.64"
"2003-08-01";"257";"INGENIERÍA DE SISTEMAS";"2003-II";"2003";"6.09"
"2003-08-01";"20";"SOCIOLOGÍA";"2003-II";"2003";"0.47"
"2003-08-01";"70";"INGENIERÍA AGRONÓMICA";"2003-II";"2003";"1.66"
"2003-08-01";"103";"DERECHO";"2003-II";"2003";"2.44"
"2003-08-01";"56";"CONTADURÍA PÚBLICA";"2003-II";"2003";"1.33"
"2003-08-01";"16";"TRABAJO SOCIAL";"2003-II";"2003";"0.38"
"2003-09-01";"65";"MEDICINA";"2003-II";"2003";"1.54"
"2003-09-01";"50";"INGENIERÍA ELECTRÓNICA";"2003-II";"2003";"1.18"
"2003-10-01";"51";"ODONTOLOGÍA";"2003-II";"2003";"1.21"
"2003-11-01";"25";"INGENIERÍA CIVIL";"2003-II";"2003";"0.59"
"2003-11-01";"33";"ARQUITECTURA";"2003-II";"2003";"0.78"
"2003-11-01";"22";"ECONOMÍA";"2003-II";"2003";"0.52"
"2003-12-01";"6";"CIENCIAS DEL DESARROLLO";"2003-II";"2003";"0.14"
"2003-12-01";"17";"CIENCIAS DE LA COMUNICACIÓN SOCIAL";"2003-II";"2003";"0.40"
"2003-12-01";"195";"CIENCIAS DE LA EDUCACIÓN";"2003-II";"2003";"4.62"
"2003-12-01";"36";"ADMINISTRACIÓN DE EMPRESAS";"2003-II";"2003";"0.85"
"2003-12-01";"73";"MEDICINA VETERINARIA Y ZOOTECNIA";"2003-II";"2003";"1.73"
"2003-12-01";"9";"ENFERMERÍA";"2003-II";"2003";"0.21"
"2004-02-01";"7";"CIENCIAS DE LA COMUNICACIÓN SOCIAL";"2004-I";"2004";"0.08"
"2004-02-01";"2";"CIENCIAS DE LA EDUCACIÓN";"2004-I";"2004";"0.02"
"2004-09-01";"488";"INGENIERÍA DE SISTEMAS";"2004-II";"2004";"5.70"
"2004-09-01";"1165";"DERECHO";"2004-II";"2004";"13.60"
"2004-09-01";"389";"INGENIERÍA AGRONÓMICA";"2004-II";"2004";"4.54"
"2004-09-01";"164";"INGENIERÍA ELECTRÓNICA";"2004-II";"2004";"1.91"
"2004-09-01";"206";"INGENIERÍA CIVIL";"2004-II";"2004";"2.41"
"2004-09-01";"564";"ENFERMERÍA";"2004-II";"2004";"6.59"
"2004-10-01";"520";"MEDICINA";"2004-II";"2004";"6.07"
"2004-10-01";"322";"MEDICINA VETERINARIA Y ZOOTECNIA";"2004-II";"2004";"3.76"
"2004-10-01";"213";"ARQUITECTURA";"2004-II";"2004";"2.49"
"2004-10-01";"285";"LINGÜÍSTICA E IDIOMAS";"2004-II";"2004";"3.33"
"2004-10-01";"768";"ODONTOLOGÍA";"2004-II";"2004";"8.97"
"2004-10-01";"200";"TRABAJO SOCIAL";"2004-II";"2004";"2.34"
"2004-10-01";"147";"CIENCIAS DEL DESARROLLO";"2004-II";"2004";"1.72"
"2004-10-01";"2261";"CIENCIAS DE LA EDUCACIÓN";"2004-II";"2004";"26.40"
"2004-10-01";"132";"ECONOMÍA";"2004-II";"2004";"1.54"
"2004-10-01";"275";"CONTADURÍA PÚBLICA";"2004-II";"2004";"3.21"
"2004-10-01";"101";"SOCIOLOGÍA";"2004-II";"2004";"1.18"
"2004-10-01";"100";"CIENCIAS DE LA COMUNICACIÓN SOCIAL";"2004-II";"2004";"1.17"
"2004-10-01";"255";"ADMINISTRACIÓN DE EMPRESAS";"2004-II";"2004";"2.98"
"2005-05-01";"35";"INGENIERÍA ELECTRÓNICA";"2005-I";"2005";"0.34"
"2005-05-01";"60";"SOCIOLOGÍA";"2005-I";"2005";"0.58"
"2005-05-01";"8";"ARQUITECTURA";"2005-I";"2005";"0.08"
"2005-05-01";"681";"ENFERMERÍA";"2005-I";"2005";"6.58"
"2005-05-01";"1344";"DERECHO";"2005-I";"2005";"13.00"
"2005-05-01";"42";"INGENIERÍA EN PRODUCCIÓN EMPRESARIAL";"2005-I";"2005";"0.41"
"2005-05-01";"115";"CIENCIAS DE LA COMUNICACIÓN SOCIAL";"2005-I";"2005";"1.11"
"2005-05-01";"13";"INGENIERÍA CIVIL";"2005-I";"2005";"0.13"
"2005-05-01";"34";"INGENIERÍA DE SISTEMAS";"2005-I";"2005";"0.33"
"2005-05-01";"73";"ODONTOLOGÍA";"2005-I";"2005";"0.71"
"2005-05-01";"112";"MEDICINA VETERINARIA Y ZOOTECNIA";"2005-I";"2005";"1.08"
"2005-05-01";"231";"ADMINISTRACIÓN DE EMPRESAS";"2005-I";"2005";"2.23"
"2005-05-01";"162";"TRABAJO SOCIAL";"2005-I";"2005";"1.57"
"2005-05-01";"120";"ECONOMÍA";"2005-I";"2005";"1.16"
"2005-05-01";"439";"CONTADURÍA PÚBLICA";"2005-I";"2005";"4.24"
"2005-05-01";"156";"INGENIERÍA AGRONÓMICA";"2005-I";"2005";"1.51"
"2005-06-01";"196";"MEDICINA";"2005-I";"2005";"1.90"
"2005-06-01";"26";"CIENCIAS DEL DESARROLLO";"2005-I";"2005";"0.25"
"2005-06-01";"324";"LINGÜÍSTICA E IDIOMAS";"2005-I";"2005";"3.13"
"2005-07-01";"2211";"CIENCIAS DE LA EDUCACIÓN";"2005-I";"2005";"21.38"
"2005-08-01";"604";"ODONTOLOGÍA";"2005-II";"2005";"5.84"
"2005-08-01";"165";"TRABAJO SOCIAL";"2005-II";"2005";"1.60"
"2005-08-01";"115";"CIENCIAS DEL DESARROLLO";"2005-II";"2005";"1.11"
"2005-08-01";"160";"INGENIERÍA CIVIL";"2005-II";"2005";"1.55"
"2005-08-01";"65";"ADMINISTRACIÓN DE EMPRESAS";"2005-II";"2005";"0.63"
"2005-08-01";"64";"LINGÜÍSTICA E IDIOMAS";"2005-II";"2005";"0.62"
"2005-08-01";"49";"ECONOMÍA";"2005-II";"2005";"0.47"
"2005-08-01";"216";"MEDICINA VETERINARIA Y ZOOTECNIA";"2005-II";"2005";"2.09"
"2005-08-01";"190";"INGENIERÍA AGRONÓMICA";"2005-II";"2005";"1.84"
"2005-08-01";"571";"INGENIERÍA DE SISTEMAS";"2005-II";"2005";"5.52"
"2005-08-01";"145";"INGENIERÍA ELECTRÓNICA";"2005-II";"2005";"1.40"
"2005-08-01";"62";"SOCIOLOGÍA";"2005-II";"2005";"0.60"
"2005-08-01";"433";"MEDICINA";"2005-II";"2005";"4.19"
"2005-08-01";"15";"ENFERMERÍA";"2005-II";"2005";"0.15"
"2005-08-01";"31";"INGENIERÍA EN PRODUCCIÓN EMPRESARIAL";"2005-II";"2005";"0.30"
"2005-08-01";"40";"CIENCIAS DE LA COMUNICACIÓN SOCIAL";"2005-II";"2005";"0.39"
"2005-09-01";"181";"ARQUITECTURA";"2005-II";"2005";"1.75"
"2005-12-01";"164";"DERECHO";"2005-II";"2005";"1.59"
"2005-12-01";"27";"CONTADURÍA PÚBLICA";"2005-II";"2005";"0.26"
"2005-12-01";"663";"CIENCIAS DE LA EDUCACIÓN";"2005-II";"2005";"6.41"
"2006-01-01";"11";"ENFERMERÍA";"2006-I";"2006";"0.10"
"2006-07-01";"1";"MEDICINA";"2006-I";"2006";"0.01"
"2006-07-01";"39";"CIENCIAS DE LA EDUCACIÓN";"2006-I";"2006";"0.35"
"2006-07-01";"2";"CONTADURÍA PÚBLICA";"2006-I";"2006";"0.02"
"2006-07-01";"1";"LINGÜÍSTICA E IDIOMAS";"2006-I";"2006";"0.01"
"2006-07-01";"1";"CIENCIAS DEL DESARROLLO";"2006-I";"2006";"0.01"
"2006-07-01";"290";"DERECHO";"2006-I";"2006";"2.59"
"2006-07-01";"1";"INGENIERÍA EN PRODUCCIÓN EMPRESARIAL";"2006-I";"2006";"0.01"
"2006-07-01";"4";"ODONTOLOGÍA";"2006-I";"2006";"0.04"
"2006-07-01";"3";"CIENCIAS DE LA COMUNICACIÓN SOCIAL";"2006-I";"2006";"0.03"
"2006-07-01";"3";"INGENIERÍA DE SISTEMAS";"2006-I";"2006";"0.03"
"2006-07-01";"1";"INGENIERÍA AGRONÓMICA";"2006-I";"2006";"0.01"
"2006-07-01";"70";"TRABAJO SOCIAL";"2006-I";"2006";"0.63"
"2006-07-01";"1";"ADMINISTRACIÓN DE EMPRESAS";"2006-I";"2006";"0.01"
"2006-08-01";"364";"INGENIERÍA AGRONÓMICA";"2006-II";"2006";"3.25"
"2006-08-01";"452";"LINGÜÍSTICA E IDIOMAS";"2006-II";"2006";"4.04"
"2006-08-01";"347";"TRABAJO SOCIAL";"2006-II";"2006";"3.10"
"2006-08-01";"147";"CIENCIAS DEL DESARROLLO";"2006-II";"2006";"1.31"
"2006-08-01";"683";"MEDICINA";"2006-II";"2006";"6.11"
"2006-08-01";"315";"ADMINISTRACIÓN DE EMPRESAS";"2006-II";"2006";"2.82"
"2006-08-01";"355";"MEDICINA VETERINARIA Y ZOOTECNIA";"2006-II";"2006";"3.17"
"2006-08-01";"1456";"DERECHO";"2006-II";"2006";"13.02"
"2006-08-01";"87";"INGENIERÍA EN PRODUCCIÓN EMPRESARIAL";"2006-II";"2006";"0.78"
"2006-09-01";"606";"ODONTOLOGÍA";"2006-II";"2006";"5.42"
"2006-10-01";"213";"INGENIERÍA ELECTRÓNICA";"2006-II";"2006";"1.90"
"2006-10-01";"2813";"CIENCIAS DE LA EDUCACIÓN";"2006-II";"2006";"25.15"
"2006-10-01";"788";"ENFERMERÍA";"2006-II";"2006";"7.05"
"2006-10-01";"143";"SOCIOLOGÍA";"2006-II";"2006";"1.28"
"2006-10-01";"176";"INGENIERÍA CIVIL";"2006-II";"2006";"1.57"
"2006-11-01";"491";"CONTADURÍA PÚBLICA";"2006-II";"2006";"4.39"
"2006-11-01";"205";"CIENCIAS DE LA COMUNICACIÓN SOCIAL";"2006-II";"2006";"1.83"
"2006-12-01";"160";"ECONOMÍA";"2006-II";"2006";"1.43"
"2006-12-01";"251";"ARQUITECTURA";"2006-II";"2006";"2.24"
"2006-12-01";"703";"INGENIERÍA DE SISTEMAS";"2006-II";"2006";"6.29"
"2007-04-01";"28";"INGENIERÍA ELECTRÓNICA";"2007-I";"2007";"0.23"
"2007-04-01";"151";"LINGÜÍSTICA E IDIOMAS";"2007-I";"2007";"1.25"
"2007-06-01";"183";"TRABAJO SOCIAL";"2007-I";"2007";"1.52"
"2007-06-01";"27";"CIENCIAS DE LA COMUNICACIÓN SOCIAL";"2007-I";"2007";"0.22"
"2007-06-01";"93";"ADMINISTRACIÓN DE EMPRESAS";"2007-I";"2007";"0.77"
"2007-06-01";"332";"CONTADURÍA PÚBLICA";"2007-I";"2007";"2.76"
"2007-06-01";"39";"ECONOMÍA";"2007-I";"2007";"0.32"
"2007-06-01";"45";"INGENIERÍA AGRONÓMICA";"2007-I";"2007";"0.37"
"2007-07-01";"2095";"CIENCIAS DE LA EDUCACIÓN";"2007-I";"2007";"17.39"
"2007-07-01";"22";"SOCIOLOGÍA";"2007-I";"2007";"0.18"
"2007-07-01";"4";"ARQUITECTURA";"2007-I";"2007";"0.03"
"2007-07-01";"28";"MEDICINA VETERINARIA Y ZOOTECNIA";"2007-I";"2007";"0.23"
"2007-07-01";"29";"INGENIERÍA EN PRODUCCIÓN EMPRESARIAL";"2007-I";"2007";"0.24"
"2007-07-01";"73";"ODONTOLOGÍA";"2007-I";"2007";"0.61"
"2007-07-01";"25";"CIENCIAS DEL DESARROLLO";"2007-I";"2007";"0.21"
"2007-07-01";"28";"INGENIERÍA CIVIL";"2007-I";"2007";"0.23"
"2007-07-01";"352";"INGENIERÍA DE SISTEMAS";"2007-I";"2007";"2.92"
"2007-07-01";"5";"INGENIERÍA DE GAS Y PETROQUÍMICA";"2007-I";"2007";"0.04"
"2007-07-01";"593";"MEDICINA";"2007-I";"2007";"4.92"
"2007-07-01";"383";"ENFERMERÍA";"2007-I";"2007";"3.18"
"2007-07-01";"386";"DERECHO";"2007-I";"2007";"3.20"
"2007-08-01";"616";"ODONTOLOGÍA";"2007-II";"2007";"5.11"
"2007-08-01";"136";"SOCIOLOGÍA";"2007-II";"2007";"1.13"
"2007-08-01";"747";"CIENCIAS DE LA EDUCACIÓN";"2007-II";"2007";"6.20"
"2007-08-01";"333";"INGENIERÍA AGRONÓMICA";"2007-II";"2007";"2.76"
"2007-08-01";"331";"INGENIERÍA DE SISTEMAS";"2007-II";"2007";"2.75"
"2007-08-01";"368";"LINGÜÍSTICA E IDIOMAS";"2007-II";"2007";"3.05"
"2007-08-01";"286";"TRABAJO SOCIAL";"2007-II";"2007";"2.37"
"2007-08-01";"230";"ADMINISTRACIÓN DE EMPRESAS";"2007-II";"2007";"1.91"
"2007-08-01";"180";"MEDICINA";"2007-II";"2007";"1.49"
"2007-08-01";"53";"INGENIERÍA EN PRODUCCIÓN EMPRESARIAL";"2007-II";"2007";"0.44"
"2007-08-01";"227";"CIENCIAS DE LA COMUNICACIÓN SOCIAL";"2007-II";"2007";"1.88"
"2007-08-01";"131";"CIENCIAS DEL DESARROLLO";"2007-II";"2007";"1.09"
"2007-08-01";"216";"CONTADURÍA PÚBLICA";"2007-II";"2007";"1.79"
"2007-09-01";"235";"ARQUITECTURA";"2007-II";"2007";"1.95"
"2007-09-01";"139";"ECONOMÍA";"2007-II";"2007";"1.15"
"2007-09-01";"570";"ENFERMERÍA";"2007-II";"2007";"4.73"
"2007-09-01";"1497";"DERECHO";"2007-II";"2007";"12.43"
"2007-09-01";"377";"MEDICINA VETERINARIA Y ZOOTECNIA";"2007-II";"2007";"3.13"
"2007-09-01";"174";"INGENIERÍA CIVIL";"2007-II";"2007";"1.44"
"2007-10-01";"212";"INGENIERÍA ELECTRÓNICA";"2007-II";"2007";"1.76"
"2007-10-01";"69";"INGENIERÍA DE GAS Y PETROQUÍMICA";"2007-II";"2007";"0.57"
"2008-01-01";"707";"INGENIERÍA DE SISTEMAS";"2008-I";"2008";"5.22"
"2008-03-01";"375";"MEDICINA VETERINARIA Y ZOOTECNIA";"2008-I";"2008";"2.77"
"2008-03-01";"524";"LINGÜÍSTICA E IDIOMAS";"2008-I";"2008";"3.87"
"2008-03-01";"228";"ARQUITECTURA";"2008-I";"2008";"1.68"
"2008-03-01";"391";"ADMINISTRACIÓN DE EMPRESAS";"2008-I";"2008";"2.88"
"2008-03-01";"210";"ECONOMÍA";"2008-I";"2008";"1.55"
"2008-03-01";"102";"INGENIERÍA EN PRODUCCIÓN EMPRESARIAL";"2008-I";"2008";"0.75"
"2008-03-01";"169";"SOCIOLOGÍA";"2008-I";"2008";"1.25"
"2008-03-01";"926";"ENFERMERÍA";"2008-I";"2008";"6.83"
"2008-03-01";"308";"CIENCIAS DE LA COMUNICACIÓN SOCIAL";"2008-I";"2008";"2.27"
"2008-03-01";"681";"CONTADURÍA PÚBLICA";"2008-I";"2008";"5.02"
"2008-03-01";"170";"CIENCIAS DEL DESARROLLO";"2008-I";"2008";"1.25"
"2008-03-01";"201";"INGENIERÍA CIVIL";"2008-I";"2008";"1.48"
"2008-03-01";"224";"INGENIERÍA ELECTRÓNICA";"2008-I";"2008";"1.65"
"2008-04-01";"99";"INGENIERÍA DE GAS Y PETROQUÍMICA";"2008-I";"2008";"0.73"
"2008-04-01";"497";"TRABAJO SOCIAL";"2008-I";"2008";"3.67"
"2008-04-01";"360";"INGENIERÍA AGRONÓMICA";"2008-I";"2008";"2.66"
"2008-04-01";"876";"MEDICINA";"2008-I";"2008";"6.46"
"2008-07-01";"701";"ODONTOLOGÍA";"2008-I";"2008";"5.17"
"2008-07-01";"2042";"DERECHO";"2008-I";"2008";"15.06"
"2008-07-01";"2607";"CIENCIAS DE LA EDUCACIÓN";"2008-I";"2008";"19.23"
"2008-08-01";"57";"LINGÜÍSTICA E IDIOMAS";"2008-II";"2008";"0.42"
"2008-08-01";"16";"SOCIOLOGÍA";"2008-II";"2008";"0.12"
"2008-08-01";"12";"ENFERMERÍA";"2008-II";"2008";"0.09"
"2008-08-01";"48";"INGENIERÍA AGRONÓMICA";"2008-II";"2008";"0.35"
"2008-08-01";"21";"INGENIERÍA CIVIL";"2008-II";"2008";"0.15"
"2008-08-01";"34";"INGENIERÍA ELECTRÓNICA";"2008-II";"2008";"0.25"
"2008-08-01";"73";"ODONTOLOGÍA";"2008-II";"2008";"0.54"
"2008-08-01";"8";"MEDICINA";"2008-II";"2008";"0.06"
"2008-08-01";"306";"CIENCIAS DE LA EDUCACIÓN";"2008-II";"2008";"2.26"
"2008-08-01";"62";"MEDICINA VETERINARIA Y ZOOTECNIA";"2008-II";"2008";"0.46"
"2008-08-01";"16";"TRABAJO SOCIAL";"2008-II";"2008";"0.12"
"2008-08-01";"13";"ADMINISTRACIÓN DE EMPRESAS";"2008-II";"2008";"0.10"
"2008-08-01";"203";"DERECHO";"2008-II";"2008";"1.50"
"2008-08-01";"28";"ECONOMÍA";"2008-II";"2008";"0.21"
"2008-08-01";"22";"CONTADURÍA PÚBLICA";"2008-II";"2008";"0.16"
"2008-08-01";"16";"INGENIERÍA EN PRODUCCIÓN EMPRESARIAL";"2008-II";"2008";"0.12"
"2008-09-01";"18";"CIENCIAS DEL DESARROLLO";"2008-II";"2008";"0.13"
"2008-09-01";"19";"CIENCIAS DE LA COMUNICACIÓN SOCIAL";"2008-II";"2008";"0.14"
"2008-09-01";"110";"INGENIERÍA DE SISTEMAS";"2008-II";"2008";"0.81"
"2008-10-01";"21";"ARQUITECTURA";"2008-II";"2008";"0.15"
"2008-11-01";"56";"INGENIERÍA DE GAS Y PETROQUÍMICA";"2008-II";"2008";"0.41"
"2009-02-01";"852";"INGENIERÍA DE SISTEMAS";"2009-I";"2009";"5.35"
"2009-02-01";"389";"INGENIERÍA AGRONÓMICA";"2009-I";"2009";"2.44"
"2009-02-01";"318";"INGENIERÍA CIVIL";"2009-I";"2009";"2.00"
"2009-02-01";"271";"INGENIERÍA ELECTRÓNICA";"2009-I";"2009";"1.70"
"2009-02-01";"955";"MEDICINA";"2009-I";"2009";"6.00"
"2009-02-01";"882";"ODONTOLOGÍA";"2009-I";"2009";"5.54"
"2009-02-01";"2787";"CIENCIAS DE LA EDUCACIÓN";"2009-I";"2009";"17.52"
"2009-02-01";"465";"MEDICINA VETERINARIA Y ZOOTECNIA";"2009-I";"2009";"2.92"
"2009-02-01";"284";"ARQUITECTURA";"2009-I";"2009";"1.78"
"2009-02-01";"557";"TRABAJO SOCIAL";"2009-I";"2009";"3.50"
"2009-02-01";"472";"ADMINISTRACIÓN DE EMPRESAS";"2009-I";"2009";"2.97"
"2009-02-01";"2133";"DERECHO";"2009-I";"2009";"13.41"
"2009-02-01";"930";"CONTADURÍA PÚBLICA";"2009-I";"2009";"5.85"
"2009-02-01";"179";"INGENIERÍA DE GAS Y PETROQUÍMICA";"2009-I";"2009";"1.13"
"2009-02-01";"161";"CIENCIAS DEL DESARROLLO";"2009-I";"2009";"1.01"
"2009-02-01";"634";"LINGÜÍSTICA E IDIOMAS";"2009-I";"2009";"3.98"
"2009-02-01";"223";"SOCIOLOGÍA";"2009-I";"2009";"1.40"
"2009-02-01";"1098";"ENFERMERÍA";"2009-I";"2009";"6.90"
"2009-03-01";"209";"ECONOMÍA";"2009-I";"2009";"1.31"
"2009-03-01";"161";"INGENIERÍA EN PRODUCCIÓN EMPRESARIAL";"2009-I";"2009";"1.01"
"2009-03-01";"382";"CIENCIAS DE LA COMUNICACIÓN SOCIAL";"2009-I";"2009";"2.40"
"2009-08-01";"15";"CIENCIAS DE LA COMUNICACIÓN SOCIAL";"2009-II";"2009";"0.09"
"2009-08-01";"45";"ECONOMÍA";"2009-II";"2009";"0.28"
"2009-08-01";"25";"CONTADURÍA PÚBLICA";"2009-II";"2009";"0.16"
"2009-08-01";"82";"LINGÜÍSTICA E IDIOMAS";"2009-II";"2009";"0.52"
"2009-08-01";"8";"SOCIOLOGÍA";"2009-II";"2009";"0.05"
"2009-08-01";"1";"INGENIERÍA AUTOTRÓNICA";"2009-II";"2009";"0.01"
"2009-08-01";"20";"MEDICINA";"2009-II";"2009";"0.13"
"2009-08-01";"374";"CIENCIAS DE LA EDUCACIÓN";"2009-II";"2009";"2.35"
"2009-09-01";"54";"MEDICINA VETERINARIA Y ZOOTECNIA";"2009-II";"2009";"0.34"
"2009-11-01";"29";"INGENIERÍA DE GAS Y PETROQUÍMICA";"2009-II";"2009";"0.18"
"2009-12-01";"27";"ADMINISTRACIÓN DE EMPRESAS";"2009-II";"2009";"0.17"
"2009-12-01";"43";"INGENIERÍA EN PRODUCCIÓN EMPRESARIAL";"2009-II";"2009";"0.27"
"2009-12-01";"20";"TRABAJO SOCIAL";"2009-II";"2009";"0.13"
"2009-12-01";"157";"INGENIERÍA DE SISTEMAS";"2009-II";"2009";"0.99"
"2009-12-01";"79";"INGENIERÍA AGRONÓMICA";"2009-II";"2009";"0.50"
"2009-12-01";"59";"INGENIERÍA CIVIL";"2009-II";"2009";"0.37"
"2009-12-01";"17";"CIENCIAS DEL DESARROLLO";"2009-II";"2009";"0.11"
"2009-12-01";"16";"ENFERMERÍA";"2009-II";"2009";"0.10"
"2009-12-01";"379";"DERECHO";"2009-II";"2009";"2.38"
"2009-12-01";"30";"ARQUITECTURA";"2009-II";"2009";"0.19"
"2009-12-01";"45";"INGENIERÍA ELECTRÓNICA";"2009-II";"2009";"0.28"
"2009-12-01";"44";"ODONTOLOGÍA";"2009-II";"2009";"0.28"
"2010-01-01";"353";"ARQUITECTURA";"2010-I";"2010";"1.95"
"2010-01-01";"2770";"DERECHO";"2010-I";"2010";"15.28"
"2010-01-01";"1046";"MEDICINA";"2010-I";"2010";"5.77"
"2010-01-01";"1182";"ENFERMERÍA";"2010-I";"2010";"6.52"
"2010-01-01";"1031";"ODONTOLOGÍA";"2010-I";"2010";"5.69"
"2010-01-01";"2933";"CIENCIAS DE LA EDUCACIÓN";"2010-I";"2010";"16.18"
"2010-01-01";"45";"HISTORIA";"2010-I";"2010";"0.25"
"2010-02-01";"176";"CIENCIAS DEL DESARROLLO";"2010-I";"2010";"0.97"
"2010-02-01";"619";"ADMINISTRACIÓN DE EMPRESAS";"2010-I";"2010";"3.41"
"2010-02-01";"250";"ECONOMÍA";"2010-I";"2010";"1.38"
"2010-02-01";"1230";"CONTADURÍA PÚBLICA";"2010-I";"2010";"6.79"
"2010-02-01";"960";"INGENIERÍA DE SISTEMAS";"2010-I";"2010";"5.30"
"2010-02-01";"690";"LINGÜÍSTICA E IDIOMAS";"2010-I";"2010";"3.81"
"2010-02-01";"228";"SOCIOLOGÍA";"2010-I";"2010";"1.26"
"2010-03-01";"213";"INGENIERÍA EN PRODUCCIÓN EMPRESARIAL";"2010-I";"2010";"1.18"
"2010-03-01";"508";"CIENCIAS DE LA COMUNICACIÓN SOCIAL";"2010-I";"2010";"2.80"
"2010-03-01";"486";"INGENIERÍA AGRONÓMICA";"2010-I";"2010";"2.68"
"2010-03-01";"395";"INGENIERÍA CIVIL";"2010-I";"2010";"2.18"
"2010-03-01";"342";"INGENIERÍA ELECTRÓNICA";"2010-I";"2010";"1.89"
"2010-03-01";"240";"INGENIERÍA DE GAS Y PETROQUÍMICA";"2010-I";"2010";"1.32"
"2010-06-01";"634";"TRABAJO SOCIAL";"2010-I";"2010";"3.50"
"2010-06-01";"544";"MEDICINA VETERINARIA Y ZOOTECNIA";"2010-I";"2010";"3.00"
"2010-08-01";"9";"ECONOMÍA";"2010-II";"2010";"0.05"
"2010-08-01";"18";"CONTADURÍA PÚBLICA";"2010-II";"2010";"0.10"
"2010-08-01";"151";"INGENIERÍA DE SISTEMAS";"2010-II";"2010";"0.83"
"2010-08-01";"74";"INGENIERÍA CIVIL";"2010-II";"2010";"0.41"
"2010-08-01";"42";"ODONTOLOGÍA";"2010-II";"2010";"0.23"
"2010-08-01";"53";"MEDICINA VETERINARIA Y ZOOTECNIA";"2010-II";"2010";"0.29"
"2010-08-01";"80";"LINGÜÍSTICA E IDIOMAS";"2010-II";"2010";"0.44"
"2010-08-01";"85";"ARQUITECTURA";"2010-II";"2010";"0.47"
"2010-08-01";"171";"DERECHO";"2010-II";"2010";"0.94"
"2010-08-01";"66";"INGENIERÍA AGRONÓMICA";"2010-II";"2010";"0.36"
"2010-08-01";"40";"INGENIERÍA ELECTRÓNICA";"2010-II";"2010";"0.22"
"2010-09-01";"4";"ENFERMERÍA";"2010-II";"2010";"0.02"
"2010-09-01";"15";"CIENCIAS DEL DESARROLLO";"2010-II";"2010";"0.08"
"2010-09-01";"33";"INGENIERÍA DE GAS Y PETROQUÍMICA";"2010-II";"2010";"0.18"
"2010-09-01";"4";"SOCIOLOGÍA";"2010-II";"2010";"0.02"
"2010-09-01";"13";"TRABAJO SOCIAL";"2010-II";"2010";"0.07"
"2010-09-01";"324";"CIENCIAS DE LA EDUCACIÓN";"2010-II";"2010";"1.79"
"2010-09-01";"45";"INGENIERÍA EN PRODUCCIÓN EMPRESARIAL";"2010-II";"2010";"0.25"
"2010-09-01";"12";"ADMINISTRACIÓN DE EMPRESAS";"2010-II";"2010";"0.07"
"2010-09-01";"8";"MEDICINA";"2010-II";"2010";"0.04"
"2010-12-01";"2";"HISTORIA";"2010-II";"2010";"0.01"
"2010-12-01";"2";"CIENCIAS DE LA COMUNICACIÓN SOCIAL";"2010-II";"2010";"0.01"
"2011-01-01";"3018";"CIENCIAS DE LA EDUCACIÓN";"2011-I";"2011";"14.09"
"2011-02-01";"612";"MEDICINA VETERINARIA Y ZOOTECNIA";"2011-I";"2011";"2.86"
"2011-02-01";"732";"LINGÜÍSTICA E IDIOMAS";"2011-I";"2011";"3.42"
"2011-02-01";"472";"ARQUITECTURA";"2011-I";"2011";"2.20"
"2011-02-01";"803";"TRABAJO SOCIAL";"2011-I";"2011";"3.75"
"2011-02-01";"815";"ADMINISTRACIÓN DE EMPRESAS";"2011-I";"2011";"3.80"
"2011-02-01";"616";"CIENCIAS DE LA COMUNICACIÓN SOCIAL";"2011-I";"2011";"2.88"
"2011-02-01";"299";"INGENIERÍA EN PRODUCCIÓN EMPRESARIAL";"2011-I";"2011";"1.40"
"2011-02-01";"1426";"ENFERMERÍA";"2011-I";"2011";"6.66"
"2011-02-01";"98";"HISTORIA";"2011-I";"2011";"0.46"
"2011-02-01";"403";"INGENIERÍA ELECTRÓNICA";"2011-I";"2011";"1.88"
"2011-02-01";"1131";"MEDICINA";"2011-I";"2011";"5.28"
"2011-02-01";"335";"ECONOMÍA";"2011-I";"2011";"1.56"
"2011-02-01";"1584";"CONTADURÍA PÚBLICA";"2011-I";"2011";"7.39"
"2011-02-01";"1086";"INGENIERÍA DE SISTEMAS";"2011-I";"2011";"5.07"
"2011-02-01";"553";"INGENIERÍA CIVIL";"2011-I";"2011";"2.58"
"2011-02-01";"188";"CIENCIAS DEL DESARROLLO";"2011-I";"2011";"0.88"
"2011-03-01";"271";"SOCIOLOGÍA";"2011-I";"2011";"1.26"
"2011-03-01";"559";"INGENIERÍA AGRONÓMICA";"2011-I";"2011";"2.61"
"2011-03-01";"253";"INGENIERÍA DE GAS Y PETROQUÍMICA";"2011-I";"2011";"1.18"
"2011-04-01";"3558";"DERECHO";"2011-I";"2011";"16.61"
"2011-06-01";"34";"CIENCIAS POLITICAS";"2011-I";"2011";"0.16"
"2011-07-01";"1146";"ODONTOLOGÍA";"2011-I";"2011";"5.35"
"2011-08-01";"6";"CIENCIAS POLITICAS";"2011-II";"2011";"0.03"
"2011-08-01";"4";"INGENIERÍA CIVIL";"2011-II";"2011";"0.02"
"2011-08-01";"18";"ODONTOLOGÍA";"2011-II";"2011";"0.08"
"2011-08-01";"69";"INGENIERÍA AGRONÓMICA";"2011-II";"2011";"0.32"
"2011-08-01";"282";"CIENCIAS DE LA EDUCACIÓN";"2011-II";"2011";"1.32"
"2011-09-01";"71";"INGENIERÍA AUTOTRÓNICA";"2011-II";"2011";"0.33"
"2011-09-01";"27";"INGENIERÍA ELECTRICA";"2011-II";"2011";"0.13"
"2011-09-01";"17";"INGENIERÍA TEXTIL";"2011-II";"2011";"0.08"
"2011-09-01";"33";"CIENCIAS DEL DESARROLLO";"2011-II";"2011";"0.15"
"2011-09-01";"24";"INGENIERÍA AMBIENTAL";"2011-II";"2011";"0.11"
"2011-09-01";"48";"MEDICINA VETERINARIA Y ZOOTECNIA";"2011-II";"2011";"0.22"
"2011-09-01";"212";"INGENIERÍA DE SISTEMAS";"2011-II";"2011";"0.99"
"2011-09-01";"2";"HISTORIA";"2011-II";"2011";"0.01"
"2011-09-01";"55";"INGENIERÍA ELECTRÓNICA";"2011-II";"2011";"0.26"
"2011-09-01";"107";"LINGÜÍSTICA E IDIOMAS";"2011-II";"2011";"0.50"
"2011-09-01";"52";"INGENIERÍA EN PRODUCCIÓN EMPRESARIAL";"2011-II";"2011";"0.24"
"2011-10-01";"46";"ARTES PLÁSTICAS";"2011-II";"2011";"0.21"
"2011-10-01";"9";"ECONOMÍA";"2011-II";"2011";"0.04"
"2011-10-01";"10";"CONTADURÍA PÚBLICA";"2011-II";"2011";"0.05"
"2011-10-01";"21";"INGENIERÍA DE GAS Y PETROQUÍMICA";"2011-II";"2011";"0.10"
"2011-10-01";"87";"ARQUITECTURA";"2011-II";"2011";"0.41"
"2011-10-01";"3";"TRABAJO SOCIAL";"2011-II";"2011";"0.01"
"2011-10-01";"31";"INGENIERÍA EN ZOOTECNIA E INDUSTRIA PECUARIA";"2011-II";"2011";"0.14"
"2011-11-01";"20";"ENFERMERÍA";"2011-II";"2011";"0.09"
"2011-11-01";"61";"DERECHO";"2011-II";"2011";"0.28"
"2011-11-01";"6";"ADMINISTRACIÓN DE EMPRESAS";"2011-II";"2011";"0.03"
"2011-11-01";"96";"EDUCACIÓN PARVULARIA";"2011-II";"2011";"0.45"
"2011-12-01";"10";"MEDICINA";"2011-II";"2011";"0.05"
"2011-12-01";"3";"SOCIOLOGÍA";"2011-II";"2011";"0.01"
"2011-12-01";"3";"CIENCIAS DE LA COMUNICACIÓN SOCIAL";"2011-II";"2011";"0.01"
"2012-01-01";"694";"CIENCIAS DE LA COMUNICACIÓN SOCIAL";"2012-I";"2012";"2.65"
"2012-01-01";"2048";"CONTADURÍA PÚBLICA";"2012-I";"2012";"7.82"
"2012-01-01";"585";"INGENIERÍA CIVIL";"2012-I";"2012";"2.23"
"2012-01-01";"1201";"ODONTOLOGÍA";"2012-I";"2012";"4.58"
"2012-01-01";"228";"CIENCIAS DEL DESARROLLO";"2012-I";"2012";"0.87"
"2012-01-01";"372";"INGENIERÍA DE GAS Y PETROQUÍMICA";"2012-I";"2012";"1.42"
"2012-01-01";"635";"MEDICINA VETERINARIA Y ZOOTECNIA";"2012-I";"2012";"2.42"
"2012-01-01";"512";"INGENIERÍA ELECTRÓNICA";"2012-I";"2012";"1.95"
"2012-01-01";"862";"LINGÜÍSTICA E IDIOMAS";"2012-I";"2012";"3.29"
"2012-01-01";"586";"ARQUITECTURA";"2012-I";"2012";"2.24"
"2012-01-01";"778";"TRABAJO SOCIAL";"2012-I";"2012";"2.97"
"2012-01-01";"3885";"DERECHO";"2012-I";"2012";"14.83"
"2012-01-01";"351";"INGENIERÍA EN PRODUCCIÓN EMPRESARIAL";"2012-I";"2012";"1.34"
"2012-01-01";"3093";"CIENCIAS DE LA EDUCACIÓN";"2012-I";"2012";"11.81"
"2012-01-01";"480";"ECONOMÍA";"2012-I";"2012";"1.83"
"2012-01-01";"1152";"MEDICINA";"2012-I";"2012";"4.40"
"2012-01-01";"232";"SOCIOLOGÍA";"2012-I";"2012";"0.89"
"2012-01-01";"92";"ARTES PLÁSTICAS";"2012-I";"2012";"0.35"
"2012-02-01";"995";"ADMINISTRACIÓN DE EMPRESAS";"2012-I";"2012";"3.80"
"2012-02-01";"87";"INGENIERÍA AMBIENTAL";"2012-I";"2012";"0.33"
"2012-02-01";"624";"INGENIERÍA AGRONÓMICA";"2012-I";"2012";"2.38"
"2012-02-01";"110";"HISTORIA";"2012-I";"2012";"0.42"
"2012-02-01";"1227";"INGENIERÍA DE SISTEMAS";"2012-I";"2012";"4.68"
"2012-02-01";"341";"EDUCACIÓN PARVULARIA";"2012-I";"2012";"1.30"
"2012-02-01";"100";"CIENCIAS POLITICAS";"2012-I";"2012";"0.38"
"2012-02-01";"174";"GESTIÓN TURÍSTICA Y HOTELERA";"2012-I";"2012";"0.66"
"2012-02-01";"85";"NUTRICIÓN Y DIETÉTICA";"2012-I";"2012";"0.32"
"2012-02-01";"245";"INGENIERÍA AUTOTRÓNICA";"2012-I";"2012";"0.94"
"2012-03-01";"34";"CIENCIAS FÍSICAS  Y ENERGÍAS ALTERNATIVAS";"2012-I";"2012";"0.13"
"2012-03-01";"136";"COMERCIO INTERNACIONAL";"2012-I";"2012";"0.52"
"2012-03-01";"168";"PSICOLOGÍA";"2012-I";"2012";"0.64"
"2012-03-01";"66";"INGENIERÍA EN ZOOTECNIA E INDUSTRIA PECUARIA";"2012-I";"2012";"0.25"
"2012-03-01";"56";"INGENIERÍA ELECTRICA";"2012-I";"2012";"0.21"
"2012-03-01";"55";"INGENIERÍA TEXTIL";"2012-I";"2012";"0.21"
"2012-05-01";"1508";"ENFERMERÍA";"2012-I";"2012";"5.76"
"2012-08-01";"50";"INGENIERÍA EN PRODUCCIÓN EMPRESARIAL";"2012-II";"2012";"0.19"
"2012-08-01";"165";"EDUCACIÓN PARVULARIA";"2012-II";"2012";"0.63"
"2012-08-01";"17";"ECONOMÍA";"2012-II";"2012";"0.06"
"2012-08-01";"15";"CIENCIAS POLITICAS";"2012-II";"2012";"0.06"
"2012-08-01";"80";"INGENIERÍA AGRONÓMICA";"2012-II";"2012";"0.31"
"2012-08-01";"47";"MEDICINA";"2012-II";"2012";"0.18"
"2012-08-01";"33";"GESTIÓN TURÍSTICA Y HOTELERA";"2012-II";"2012";"0.13"
"2012-08-01";"24";"INGENIERÍA AMBIENTAL";"2012-II";"2012";"0.09"
"2012-08-01";"38";"ENFERMERÍA";"2012-II";"2012";"0.15"
"2012-08-01";"70";"INGENIERÍA AUTOTRÓNICA";"2012-II";"2012";"0.27"
"2012-08-01";"40";"ARTES PLÁSTICAS";"2012-II";"2012";"0.15"
"2012-08-01";"25";"INGENIERÍA ELECTRICA";"2012-II";"2012";"0.10"
"2012-08-01";"19";"INGENIERÍA TEXTIL";"2012-II";"2012";"0.07"
"2012-08-01";"259";"DERECHO";"2012-II";"2012";"0.99"
"2012-08-01";"43";"CIENCIAS DE LA COMUNICACIÓN SOCIAL";"2012-II";"2012";"0.16"
"2012-08-01";"55";"CONTADURÍA PÚBLICA";"2012-II";"2012";"0.21"
"2012-08-01";"5";"COMERCIO INTERNACIONAL";"2012-II";"2012";"0.02"
"2012-08-01";"19";"INGENIERÍA CIVIL";"2012-II";"2012";"0.07"
"2012-08-01";"85";"ODONTOLOGÍA";"2012-II";"2012";"0.32"
"2012-08-01";"29";"CIENCIAS DEL DESARROLLO";"2012-II";"2012";"0.11"
"2012-08-01";"74";"INGENIERÍA DE GAS Y PETROQUÍMICA";"2012-II";"2012";"0.28"
"2012-08-01";"89";"MEDICINA VETERINARIA Y ZOOTECNIA";"2012-II";"2012";"0.34"
"2012-08-01";"5";"PSICOLOGÍA";"2012-II";"2012";"0.02"
"2012-08-01";"10";"HISTORIA";"2012-II";"2012";"0.04"
"2012-08-01";"82";"INGENIERÍA ELECTRÓNICA";"2012-II";"2012";"0.31"
"2012-08-01";"82";"LINGÜÍSTICA E IDIOMAS";"2012-II";"2012";"0.31"
"2012-08-01";"22";"SOCIOLOGÍA";"2012-II";"2012";"0.08"
"2012-08-01";"94";"ARQUITECTURA";"2012-II";"2012";"0.36"
"2012-08-01";"83";"TRABAJO SOCIAL";"2012-II";"2012";"0.32"
"2012-08-01";"46";"ADMINISTRACIÓN DE EMPRESAS";"2012-II";"2012";"0.18"
"2012-09-01";"456";"CIENCIAS DE LA EDUCACIÓN";"2012-II";"2012";"1.74"
"2012-09-01";"202";"INGENIERÍA DE SISTEMAS";"2012-II";"2012";"0.77"
"2012-09-01";"1";"NUTRICIÓN Y DIETÉTICA";"2012-II";"2012";"0.00"
"2012-09-01";"12";"CIENCIAS FÍSICAS  Y ENERGÍAS ALTERNATIVAS";"2012-II";"2012";"0.05"
"2012-09-01";"25";"INGENIERÍA EN ZOOTECNIA E INDUSTRIA PECUARIA";"2012-II";"2012";"0.10"
"2013-02-01";"770";"CIENCIAS DE LA COMUNICACIÓN SOCIAL";"2013-I";"2013";"2.58"
"2013-02-01";"2519";"CONTADURÍA PÚBLICA";"2013-I";"2013";"8.46"
"2013-02-01";"565";"INGENIERÍA CIVIL";"2013-I";"2013";"1.90"
"2013-02-01";"1321";"ODONTOLOGÍA";"2013-I";"2013";"4.43"
"2013-02-01";"461";"INGENIERÍA DE GAS Y PETROQUÍMICA";"2013-I";"2013";"1.55"
"2013-02-01";"701";"MEDICINA VETERINARIA Y ZOOTECNIA";"2013-I";"2013";"2.35"
"2013-02-01";"323";"PSICOLOGÍA";"2013-I";"2013";"1.08"
"2013-02-01";"152";"HISTORIA";"2013-I";"2013";"0.51"
"2013-02-01";"928";"LINGÜÍSTICA E IDIOMAS";"2013-I";"2013";"3.11"
"2013-02-01";"247";"SOCIOLOGÍA";"2013-I";"2013";"0.83"
"2013-02-01";"677";"ARQUITECTURA";"2013-I";"2013";"2.27"
"2013-02-01";"828";"TRABAJO SOCIAL";"2013-I";"2013";"2.78"
"2013-02-01";"1253";"ADMINISTRACIÓN DE EMPRESAS";"2013-I";"2013";"4.21"
"2013-02-01";"377";"INGENIERÍA EN PRODUCCIÓN EMPRESARIAL";"2013-I";"2013";"1.27"
"2013-02-01";"628";"EDUCACIÓN PARVULARIA";"2013-I";"2013";"2.11"
"2013-02-01";"3294";"CIENCIAS DE LA EDUCACIÓN";"2013-I";"2013";"11.06"
"2013-02-01";"572";"ECONOMÍA";"2013-I";"2013";"1.92"
"2013-02-01";"155";"CIENCIAS POLITICAS";"2013-I";"2013";"0.52"
"2013-02-01";"1353";"INGENIERÍA DE SISTEMAS";"2013-I";"2013";"4.54"
"2013-02-01";"685";"INGENIERÍA AGRONÓMICA";"2013-I";"2013";"2.30"
"2013-02-01";"1254";"MEDICINA";"2013-I";"2013";"4.21"
"2013-03-01";"170";"NUTRICIÓN Y DIETÉTICA";"2013-I";"2013";"0.57"
"2013-03-01";"326";"INGENIERÍA AUTOTRÓNICA";"2013-I";"2013";"1.09"
"2013-03-01";"535";"INGENIERÍA ELECTRÓNICA";"2013-I";"2013";"1.80"
"2013-03-01";"85";"INGENIERÍA TEXTIL";"2013-I";"2013";"0.29"
"2013-03-01";"212";"CIENCIAS DEL DESARROLLO";"2013-I";"2013";"0.71"
"2013-03-01";"90";"INGENIERÍA ELECTRICA";"2013-I";"2013";"0.30"
"2013-03-01";"111";"INGENIERÍA AMBIENTAL";"2013-I";"2013";"0.37"
"2013-04-01";"129";"ARTES PLÁSTICAS";"2013-I";"2013";"0.43"
"2013-04-01";"338";"COMERCIO INTERNACIONAL";"2013-I";"2013";"1.13"
"2013-04-01";"377";"GESTIÓN TURÍSTICA Y HOTELERA";"2013-I";"2013";"1.27"
"2013-05-01";"46";"CIENCIAS FÍSICAS  Y ENERGÍAS ALTERNATIVAS";"2013-I";"2013";"0.15"
"2013-05-01";"92";"INGENIERÍA EN ZOOTECNIA E INDUSTRIA PECUARIA";"2013-I";"2013";"0.31"
"2013-05-01";"1555";"ENFERMERÍA";"2013-I";"2013";"5.22"
"2013-06-01";"4659";"DERECHO";"2013-I";"2013";"15.64"
"2013-08-01";"116";"MEDICINA VETERINARIA Y ZOOTECNIA";"2013-II";"2013";"0.39"
"2013-08-01";"82";"PSICOLOGÍA";"2013-II";"2013";"0.28"
"2013-08-01";"84";"LINGÜÍSTICA E IDIOMAS";"2013-II";"2013";"0.28"
"2013-08-01";"27";"INGENIERÍA ELECTRICA";"2013-II";"2013";"0.09"
"2013-08-01";"220";"CIENCIAS DE LA EDUCACIÓN";"2013-II";"2013";"0.74"
"2013-08-01";"21";"ECONOMÍA";"2013-II";"2013";"0.07"
"2013-08-01";"14";"CIENCIAS POLITICAS";"2013-II";"2013";"0.05"
"2013-08-01";"52";"INGENIERÍA ELECTRÓNICA";"2013-II";"2013";"0.17"
"2013-08-01";"3";"NUTRICIÓN Y DIETÉTICA";"2013-II";"2013";"0.01"
"2013-08-01";"21";"CIENCIAS DE LA COMUNICACIÓN SOCIAL";"2013-II";"2013";"0.07"
"2013-08-01";"83";"INGENIERÍA CIVIL";"2013-II";"2013";"0.28"
"2013-08-01";"166";"EDUCACIÓN PARVULARIA";"2013-II";"2013";"0.56"
"2013-09-01";"60";"INGENIERÍA AUTOTRÓNICA";"2013-II";"2013";"0.20"
"2013-09-01";"30";"ADMINISTRACIÓN DE EMPRESAS";"2013-II";"2013";"0.10"
"2013-09-01";"39";"INGENIERÍA EN PRODUCCIÓN EMPRESARIAL";"2013-II";"2013";"0.13"
"2013-09-01";"85";"INGENIERÍA AGRONÓMICA";"2013-II";"2013";"0.29"
"2013-09-01";"26";"ARTES PLÁSTICAS";"2013-II";"2013";"0.09"
"2013-09-01";"10";"INGENIERÍA TEXTIL";"2013-II";"2013";"0.03"
"2013-09-01";"102";"COMERCIO INTERNACIONAL";"2013-II";"2013";"0.34"
"2013-09-01";"87";"ODONTOLOGÍA";"2013-II";"2013";"0.29"
"2013-09-01";"28";"CIENCIAS DEL DESARROLLO";"2013-II";"2013";"0.09"
"2013-09-01";"69";"INGENIERÍA DE GAS Y PETROQUÍMICA";"2013-II";"2013";"0.23"
"2013-10-01";"18";"INGENIERÍA AMBIENTAL";"2013-II";"2013";"0.06"
"2013-10-01";"12";"ENFERMERÍA";"2013-II";"2013";"0.04"
"2013-10-01";"5";"HISTORIA";"2013-II";"2013";"0.02"
"2013-10-01";"11";"SOCIOLOGÍA";"2013-II";"2013";"0.04"
"2013-10-01";"77";"ARQUITECTURA";"2013-II";"2013";"0.26"
"2013-10-01";"48";"TRABAJO SOCIAL";"2013-II";"2013";"0.16"
"2013-10-01";"17";"INGENIERÍA EN ZOOTECNIA E INDUSTRIA PECUARIA";"2013-II";"2013";"0.06"
"2013-10-01";"131";"DERECHO";"2013-II";"2013";"0.44"
"2013-10-01";"203";"INGENIERÍA DE SISTEMAS";"2013-II";"2013";"0.68"
"2013-10-01";"24";"MEDICINA";"2013-II";"2013";"0.08"
"2013-10-01";"2";"GESTIÓN TURÍSTICA Y HOTELERA";"2013-II";"2013";"0.01"
"2013-10-01";"8";"CIENCIAS FÍSICAS  Y ENERGÍAS ALTERNATIVAS";"2013-II";"2013";"0.03"
"2013-10-01";"24";"CONTADURÍA PÚBLICA";"2013-II";"2013";"0.08"
"2014-01-01";"210";"CIENCIAS POLITICAS";"2014-I";"2014";"0.61"
"2014-01-01";"785";"INGENIERÍA AGRONÓMICA";"2014-I";"2014";"2.29"
"2014-01-01";"1616";"ADMINISTRACIÓN DE EMPRESAS";"2014-I";"2014";"4.72"
"2014-01-01";"580";"INGENIERÍA ELECTRÓNICA";"2014-I";"2014";"1.70"
"2014-01-01";"1274";"MEDICINA";"2014-I";"2014";"3.72"
"2014-01-01";"811";"MEDICINA VETERINARIA Y ZOOTECNIA";"2014-I";"2014";"2.37"
"2014-01-01";"464";"GESTIÓN TURÍSTICA Y HOTELERA";"2014-I";"2014";"1.36"
"2014-01-01";"276";"NUTRICIÓN Y DIETÉTICA";"2014-I";"2014";"0.81"
"2014-01-01";"175";"ARTES PLÁSTICAS";"2014-I";"2014";"0.51"
"2014-01-01";"1022";"LINGÜÍSTICA E IDIOMAS";"2014-I";"2014";"2.99"
"2014-01-01";"956";"EDUCACIÓN PARVULARIA";"2014-I";"2014";"2.79"
"2014-01-01";"96";"INGENIERÍA TEXTIL";"2014-I";"2014";"0.28"
"2014-01-01";"3467";"CIENCIAS DE LA EDUCACIÓN";"2014-I";"2014";"10.14"
"2014-01-01";"903";"CIENCIAS DE LA COMUNICACIÓN SOCIAL";"2014-I";"2014";"2.64"
"2014-01-01";"76";"CIENCIAS FÍSICAS  Y ENERGÍAS ALTERNATIVAS";"2014-I";"2014";"0.22"
"2014-01-01";"3053";"CONTADURÍA PÚBLICA";"2014-I";"2014";"8.93"
"2014-01-01";"577";"COMERCIO INTERNACIONAL";"2014-I";"2014";"1.69"
"2014-01-01";"707";"INGENIERÍA CIVIL";"2014-I";"2014";"2.07"
"2014-01-01";"1598";"ENFERMERÍA";"2014-I";"2014";"4.67"
"2014-01-01";"1447";"ODONTOLOGÍA";"2014-I";"2014";"4.23"
"2014-01-01";"319";"CIENCIAS DEL DESARROLLO";"2014-I";"2014";"0.93"
"2014-01-01";"607";"INGENIERÍA DE GAS Y PETROQUÍMICA";"2014-I";"2014";"1.77"
"2014-01-01";"144";"INGENIERÍA AMBIENTAL";"2014-I";"2014";"0.42"
"2014-01-01";"456";"PSICOLOGÍA";"2014-I";"2014";"1.33"
"2014-01-01";"398";"INGENIERÍA AUTOTRÓNICA";"2014-I";"2014";"1.16"
"2014-01-01";"179";"HISTORIA";"2014-I";"2014";"0.52"
"2014-01-01";"115";"INGENIERÍA ELECTRICA";"2014-I";"2014";"0.34"
"2014-01-01";"258";"SOCIOLOGÍA";"2014-I";"2014";"0.75"
"2014-01-01";"801";"ARQUITECTURA";"2014-I";"2014";"2.34"
"2014-01-01";"956";"TRABAJO SOCIAL";"2014-I";"2014";"2.79"
"2014-01-01";"157";"INGENIERÍA EN ZOOTECNIA E INDUSTRIA PECUARIA";"2014-I";"2014";"0.46"
"2014-01-01";"5457";"DERECHO";"2014-I";"2014";"15.95"
"2014-01-01";"461";"INGENIERÍA EN PRODUCCIÓN EMPRESARIAL";"2014-I";"2014";"1.35"
"2014-01-01";"681";"ECONOMÍA";"2014-I";"2014";"1.99"
"2014-07-01";"1655";"INGENIERÍA DE SISTEMAS";"2014-I";"2014";"4.84"
"2014-08-01";"3";"CONTADURÍA PÚBLICA";"2014-II";"2014";"0.01"
"2014-08-01";"111";"COMERCIO INTERNACIONAL";"2014-II";"2014";"0.32"
"2014-08-01";"174";"INGENIERÍA DE SISTEMAS";"2014-II";"2014";"0.51"
"2014-08-01";"2";"INGENIERÍA CIVIL";"2014-II";"2014";"0.01"
"2014-08-01";"31";"ODONTOLOGÍA";"2014-II";"2014";"0.09"
"2014-08-01";"19";"CIENCIAS DEL DESARROLLO";"2014-II";"2014";"0.06"
"2014-08-01";"42";"INGENIERÍA DE GAS Y PETROQUÍMICA";"2014-II";"2014";"0.12"
"2014-08-01";"26";"INGENIERÍA AMBIENTAL";"2014-II";"2014";"0.08"
"2014-08-01";"54";"MEDICINA VETERINARIA Y ZOOTECNIA";"2014-II";"2014";"0.16"
"2014-08-01";"73";"PSICOLOGÍA";"2014-II";"2014";"0.21"
"2014-08-01";"55";"INGENIERÍA AUTOTRÓNICA";"2014-II";"2014";"0.16"
"2014-08-01";"4";"HISTORIA";"2014-II";"2014";"0.01"
"2014-08-01";"29";"INGENIERÍA ELECTRICA";"2014-II";"2014";"0.08"
"2014-08-01";"4";"SOCIOLOGÍA";"2014-II";"2014";"0.01"
"2014-08-01";"87";"ARQUITECTURA";"2014-II";"2014";"0.25"
"2014-08-01";"7";"TRABAJO SOCIAL";"2014-II";"2014";"0.02"
"2014-08-01";"18";"INGENIERÍA EN ZOOTECNIA E INDUSTRIA PECUARIA";"2014-II";"2014";"0.05"
"2014-08-01";"35";"INGENIERÍA EN PRODUCCIÓN EMPRESARIAL";"2014-II";"2014";"0.10"
"2014-08-01";"166";"EDUCACIÓN PARVULARIA";"2014-II";"2014";"0.49"
"2014-08-01";"1";"ECONOMÍA";"2014-II";"2014";"0.00"
"2014-08-01";"1";"CIENCIAS POLITICAS";"2014-II";"2014";"0.00"
"2014-08-01";"4";"ENFERMERÍA";"2014-II";"2014";"0.01"
"2014-08-01";"41";"INGENIERÍA AGRONÓMICA";"2014-II";"2014";"0.12"
"2014-08-01";"54";"INGENIERÍA ELECTRÓNICA";"2014-II";"2014";"0.16"
"2014-08-01";"16";"MEDICINA";"2014-II";"2014";"0.05"
"2014-08-01";"7";"ADMINISTRACIÓN DE EMPRESAS";"2014-II";"2014";"0.02"
"2014-08-01";"95";"DERECHO";"2014-II";"2014";"0.28"
"2014-08-01";"3";"NUTRICIÓN Y DIETÉTICA";"2014-II";"2014";"0.01"
"2014-08-01";"17";"ARTES PLÁSTICAS";"2014-II";"2014";"0.05"
"2014-08-01";"32";"LINGÜÍSTICA E IDIOMAS";"2014-II";"2014";"0.09"
"2014-08-01";"232";"CIENCIAS DE LA EDUCACIÓN";"2014-II";"2014";"0.68"
"2014-08-01";"13";"INGENIERÍA TEXTIL";"2014-II";"2014";"0.04"
"2014-08-01";"4";"CIENCIAS DE LA COMUNICACIÓN SOCIAL";"2014-II";"2014";"0.01"
"2014-08-01";"9";"CIENCIAS FÍSICAS  Y ENERGÍAS ALTERNATIVAS";"2014-II";"2014";"0.03"
"2015-01-01";"487";"INGENIERÍA EN PRODUCCIÓN EMPRESARIAL";"2015-I";"2015";"1.28"
"2015-01-01";"1183";"EDUCACIÓN PARVULARIA";"2015-I";"2015";"3.11"
"2015-01-01";"673";"ECONOMÍA";"2015-I";"2015";"1.77"
"2015-01-01";"1700";"ENFERMERÍA";"2015-I";"2015";"4.47"
"2015-01-01";"226";"CIENCIAS POLITICAS";"2015-I";"2015";"0.59"
"2015-01-01";"820";"INGENIERÍA AGRONÓMICA";"2015-I";"2015";"2.16"
"2015-01-01";"593";"INGENIERÍA ELECTRÓNICA";"2015-I";"2015";"1.56"
"2015-01-01";"1436";"MEDICINA";"2015-I";"2015";"3.78"
"2015-01-01";"1859";"ADMINISTRACIÓN DE EMPRESAS";"2015-I";"2015";"4.89"
"2015-01-01";"6034";"DERECHO";"2015-I";"2015";"15.87"
"2015-01-01";"361";"NUTRICIÓN Y DIETÉTICA";"2015-I";"2015";"0.95"
"2015-01-01";"192";"ARTES PLÁSTICAS";"2015-I";"2015";"0.50"
"2015-01-01";"1119";"LINGÜÍSTICA E IDIOMAS";"2015-I";"2015";"2.94"
"2015-01-01";"3724";"CIENCIAS DE LA EDUCACIÓN";"2015-I";"2015";"9.79"
"2015-01-01";"98";"INGENIERÍA TEXTIL";"2015-I";"2015";"0.26"
"2015-01-01";"964";"CIENCIAS DE LA COMUNICACIÓN SOCIAL";"2015-I";"2015";"2.53"
"2015-01-01";"3432";"CONTADURÍA PÚBLICA";"2015-I";"2015";"9.02"
"2015-01-01";"735";"COMERCIO INTERNACIONAL";"2015-I";"2015";"1.93"
"2015-01-01";"2011";"INGENIERÍA DE SISTEMAS";"2015-I";"2015";"5.29"
"2015-01-01";"834";"INGENIERÍA CIVIL";"2015-I";"2015";"2.19"
"2015-01-01";"1519";"ODONTOLOGÍA";"2015-I";"2015";"3.99"
"2015-01-01";"575";"GESTIÓN TURÍSTICA Y HOTELERA";"2015-I";"2015";"1.51"
"2015-01-01";"469";"CIENCIAS DEL DESARROLLO";"2015-I";"2015";"1.23"
"2015-01-01";"744";"INGENIERÍA DE GAS Y PETROQUÍMICA";"2015-I";"2015";"1.96"
"2015-01-01";"164";"INGENIERÍA AMBIENTAL";"2015-I";"2015";"0.43"
"2015-01-01";"860";"MEDICINA VETERINARIA Y ZOOTECNIA";"2015-I";"2015";"2.26"
"2015-01-01";"405";"INGENIERÍA AUTOTRÓNICA";"2015-I";"2015";"1.06"
"2015-01-01";"221";"HISTORIA";"2015-I";"2015";"0.58"
"2015-01-01";"286";"SOCIOLOGÍA";"2015-I";"2015";"0.75"
"2015-01-01";"117";"INGENIERÍA ELECTRICA";"2015-I";"2015";"0.31"
"2015-01-01";"887";"ARQUITECTURA";"2015-I";"2015";"2.33"
"2015-01-01";"923";"TRABAJO SOCIAL";"2015-I";"2015";"2.43"
"2015-02-01";"84";"CIENCIAS FÍSICAS  Y ENERGÍAS ALTERNATIVAS";"2015-I";"2015";"0.22"
"2015-02-01";"605";"PSICOLOGÍA";"2015-I";"2015";"1.59"
"2015-02-01";"189";"INGENIERÍA EN ZOOTECNIA E INDUSTRIA PECUARIA";"2015-I";"2015";"0.50"
"2015-08-01";"23";"LINGÜÍSTICA E IDIOMAS";"2015-II";"2015";"0.06"
"2015-08-01";"14";"INGENIERÍA TEXTIL";"2015-II";"2015";"0.04"
"2015-08-01";"5";"CIENCIAS FÍSICAS  Y ENERGÍAS ALTERNATIVAS";"2015-II";"2015";"0.01"
"2015-08-01";"10";"CIENCIAS DE LA COMUNICACIÓN SOCIAL";"2015-II";"2015";"0.03"
"2015-08-01";"128";"COMERCIO INTERNACIONAL";"2015-II";"2015";"0.34"
"2015-08-01";"33";"ODONTOLOGÍA";"2015-II";"2015";"0.09"
"2015-08-01";"1";"GESTIÓN TURÍSTICA Y HOTELERA";"2015-II";"2015";"0.00"
"2015-08-01";"15";"CIENCIAS DEL DESARROLLO";"2015-II";"2015";"0.04"
"2015-08-01";"7";"INGENIERÍA DE GAS Y PETROQUÍMICA";"2015-II";"2015";"0.02"
"2015-08-01";"21";"INGENIERÍA AMBIENTAL";"2015-II";"2015";"0.06"
"2015-08-01";"38";"MEDICINA VETERINARIA Y ZOOTECNIA";"2015-II";"2015";"0.10"
"2015-08-01";"125";"PSICOLOGÍA";"2015-II";"2015";"0.33"
"2015-08-01";"53";"INGENIERÍA AUTOTRÓNICA";"2015-II";"2015";"0.14"
"2015-08-01";"14";"MEDICINA";"2015-II";"2015";"0.04"
"2015-08-01";"26";"INGENIERÍA ELECTRICA";"2015-II";"2015";"0.07"
"2015-08-01";"127";"ARQUITECTURA";"2015-II";"2015";"0.33"
"2015-08-01";"18";"INGENIERÍA EN ZOOTECNIA E INDUSTRIA PECUARIA";"2015-II";"2015";"0.05"
"2015-08-01";"6";"ARTES PLÁSTICAS";"2015-II";"2015";"0.02"
"2015-08-01";"136";"EDUCACIÓN PARVULARIA";"2015-II";"2015";"0.36"
"2015-08-01";"2";"ECONOMÍA";"2015-II";"2015";"0.01"
"2015-08-01";"7";"ENFERMERÍA";"2015-II";"2015";"0.02"
"2015-08-01";"4";"CIENCIAS POLITICAS";"2015-II";"2015";"0.01"
"2015-08-01";"47";"INGENIERÍA AGRONÓMICA";"2015-II";"2015";"0.12"
"2015-08-01";"54";"INGENIERÍA ELECTRÓNICA";"2015-II";"2015";"0.14"
"2015-08-01";"8";"ADMINISTRACIÓN DE EMPRESAS";"2015-II";"2015";"0.02"
"2015-09-01";"16";"CONTADURÍA PÚBLICA";"2015-II";"2015";"0.04"
"2015-10-01";"1";"NUTRICIÓN Y DIETÉTICA";"2015-II";"2015";"0.00"
"2015-10-01";"354";"CIENCIAS DE LA EDUCACIÓN";"2015-II";"2015";"0.93"
"2015-10-01";"14";"INGENIERÍA DE SISTEMAS";"2015-II";"2015";"0.04"
"2015-10-01";"18";"INGENIERÍA CIVIL";"2015-II";"2015";"0.05"
"2015-10-01";"12";"TRABAJO SOCIAL";"2015-II";"2015";"0.03"
"2015-10-01";"36";"INGENIERÍA EN PRODUCCIÓN EMPRESARIAL";"2015-II";"2015";"0.09"
"2015-10-01";"129";"DERECHO";"2015-II";"2015";"0.34"
"2016-01-01";"1";"ADMINISTRACIÓN DE EMPRESAS";"2016-I";"2016";"7.69"
"2016-01-01";"3";"CIENCIAS DE LA EDUCACIÓN";"2016-I";"2016";"23.08"
"2016-01-01";"1";"ODONTOLOGÍA";"2016-I";"2016";"7.69"
"2016-04-01";"1";"DERECHO";"2016-I";"2016";"7.69"
"2016-04-01";"1";"CONTADURÍA PÚBLICA";"2016-I";"2016";"7.69"
"2016-08-01";"5";"DERECHO";"2016-II";"2016";"38.46"
"2016-10-01";"1";"MEDICINA";"2016-II";"2016";"7.69"
"2017-08-01";"1";"CONTADURÍA PÚBLICA";"2017-II";"2017";"50.00"
"2017-11-01";"1";"ADMINISTRACIÓN DE EMPRESAS";"2017-II";"2017";"50.00"
"2018-11-01";"1";"DERECHO";"2018-II";"2018";"100.00"
"2019-05-01";"4";"DERECHO";"2019-I";"2019";"22.22"
"2019-06-01";"1";"CIENCIAS DE LA EDUCACIÓN";"2019-I";"2019";"5.56"
"2019-06-01";"1";"INGENIERÍA AGRONÓMICA";"2019-I";"2019";"5.56"
"2019-06-01";"3";"ODONTOLOGÍA";"2019-I";"2019";"16.67"
"2019-06-01";"1";"INGENIERÍA CIVIL";"2019-I";"2019";"5.56"
"2019-07-01";"1";"ARQUITECTURA";"2019-I";"2019";"5.56"
"2019-08-01";"1";"CONTADURÍA PÚBLICA";"2019-II";"2019";"5.56"
"2019-09-01";"1";"DERECHO";"2019-II";"2019";"5.56"
"2019-09-01";"2";"MEDICINA VETERINARIA Y ZOOTECNIA";"2019-II";"2019";"11.11"
"2019-10-01";"1";"ODONTOLOGÍA";"2019-II";"2019";"5.56"
"2019-10-01";"1";"INGENIERÍA ELECTRÓNICA";"2019-II";"2019";"5.56"
"2019-10-01";"1";"INGENIERÍA DE SISTEMAS";"2019-II";"2019";"5.56"
"2020-03-01";"1";"INGENIERÍA AGRONÓMICA";"2020-I";"2020";"20.00"
"2020-09-01";"2";"MEDICINA";"2020-II";"2020";"40.00"
"2020-11-01";"1";"ODONTOLOGÍA";"2020-II";"2020";"20.00"
"2020-11-01";"1";"CIENCIAS DE LA EDUCACIÓN";"2020-II";"2020";"20.00"
"2021-02-01";"2";"INGENIERÍA ELECTRÓNICA";"2021-I";"2021";"50.00"
"2021-07-01";"1";"DERECHO";"2021-I";"2021";"25.00"
"2021-08-01";"1";"MEDICINA VETERINARIA Y ZOOTECNIA";"2021-II";"2021";"25.00"
"2022-03-01";"1";"CIENCIAS DE LA EDUCACIÓN";"2022-I";"2022";"100.00"
"2024-02-01";"1";"ADMINISTRACIÓN DE EMPRESAS";"2024-I";"2024";"25.00"
"2024-04-01";"2";"DERECHO";"2024-I";"2024";"50.00"
"2024-12-01";"1";"MEDICINA VETERINARIA Y ZOOTECNIA";"2024-II";"2024";"25.00"
"2025-11-01";"1";"SOCIOLOGÍA";"2025-II";"2025";"100.00"
"2026-03-01";"1";"CIENCIAS DE LA EDUCACIÓN";"2026-I";"2026";"50.00"
"2026-04-01";"1";"INGENIERÍA AGRONÓMICA";"2026-I";"2026";"50.00"
"8013-08-01";"1";"LINGÜÍSTICA E IDIOMAS";"8013-II";"8013";"100.00"
